Vtg,Vds,I
0.4,0.0,0.4,2162117.762,2162117.762
0.4,0.0,0.39,2162083.706,2162083.706
0.4,0.0,0.38,2162035.107,2162035.107
0.4,0.0,0.37,2161963.662,2161963.662
0.4,0.0,0.36,2161858.677,2161858.677
0.4,0.0,0.35,2161704.507,2161704.507
0.4,0.0,0.34,2161478.724,2161478.724
0.4,0.0,0.33,2161148.137,2161148.137
0.4,0.0,0.32,2160664.673,2160664.673
0.4,0.0,0.31,2159960.014,2159960.014
0.4,0.0,0.3,2158937.554,2158937.554
0.4,0.0,0.29,2157463.039,2157463.039
0.4,0.0,0.28,2155354.258,2155354.258
0.4,0.0,0.27,2152371.568,2152371.568
0.4,0.0,0.26,2148212.146,2148212.146
0.4,0.0,0.25,2142511.277,2142511.277
0.4,0.0,0.24,2134852.194,2134852.194
0.4,0.0,0.23,2124782.678,2124782.678
0.4,0.0,0.22,2108779.404,2108779.404
0.4,0.0,0.21,2095517.54,2095517.54
0.4,0.0,0.2,2075349.421,2075349.421
0.4,0.0,0.19,2050810.0,2050810.0
0.4,0.0,0.18,2021348.305,2021348.305
0.4,0.0,0.17,1986361.149,1986361.149
0.4,0.0,0.16,1945185.38,1945185.38
0.4,0.0,0.15,1897095.449,1897095.449
0.4,0.0,0.14,1841308.387,1841308.387
0.4,0.0,0.13,1776996.907,1776996.907
0.4,0.0,0.12,1703311.498,1703311.498
0.4,0.0,0.11,1619412.556,1619412.556
0.4,0.0,0.1,1524513.74,1524513.74
0.4,0.0,0.09,1417937.619,1417937.619
0.4,0.0,0.08,1299184.605,1299184.605
0.4,0.0,0.07,1168016.032,1168016.032
0.4,0.0,0.06,1024552.236,1024552.236
0.4,0.0,0.05,869386.471,869386.471
0.4,0.0,0.04,703716.798,703716.798
0.4,0.0,0.03,529475.423,529475.423
0.4,0.0,0.02,349592.135,349592.135
0.4,0.0,0.01,169111.457,169111.457
0.4,0.0,-0.0,-0.0,-0.0
0.4,0.0,-0.01,-130320.582,-130320.582
0.4,0.0,-0.02,-184660.912,-184660.912
0.4,0.0,-0.03,-154493.146,-154493.146
0.4,0.0,-0.04,-84886.726,-84886.726
0.4,0.0,-0.05,-30792.282,-30792.282
0.4,0.0,-0.06,-7293.862,-7293.862
0.4,0.0,-0.07,-1114.385,-1114.385
0.4,0.0,-0.08,-108.617,-108.617
0.4,0.0,-0.09,-6.69,-6.69
0.4,0.0,-0.1,-0.258,-0.258
0.4,0.0,-0.11,-0.006,-0.006
0.4,0.0,-0.12,-0.0,-0.0
0.4,0.0,-0.13,-0.0,-0.0
0.4,0.0,-0.14,-0.0,-0.0
0.4,0.0,-0.15,-0.0,-0.0
0.4,0.0,-0.16,-0.0,-0.0
0.4,0.0,-0.17,-0.0,-0.0
0.4,0.0,-0.18,-0.0,0.0
0.4,0.0,-0.19,-0.0,0.0
0.4,0.0,-0.2,-0.0,0.0
0.39,0.0,0.4,2151681.58,2151681.58
0.39,0.0,0.39,2151653.522,2151653.522
0.39,0.0,0.38,2151612.257,2151612.257
0.39,0.0,0.37,2151551.585,2151551.585
0.39,0.0,0.36,2151462.411,2151462.411
0.39,0.0,0.35,2151331.42,2151331.42
0.39,0.0,0.34,2151139.163,2151139.163
0.39,0.0,0.33,2150856.92,2150856.92
0.39,0.0,0.32,2150443.756,2150443.756
0.39,0.0,0.31,2149840.766,2149840.766
0.39,0.0,0.3,2148963.578,2148963.578
0.39,0.0,0.29,2147693.627,2147693.627
0.39,0.0,0.28,2145867.472,2145867.472
0.39,0.0,0.27,2143265.658,2143265.658
0.39,0.0,0.26,2139603.5,2139603.5
0.39,0.0,0.25,2134527.251,2134527.251
0.39,0.0,0.24,2124554.283,2124554.283
0.39,0.0,0.23,2118409.845,2118409.845
0.39,0.0,0.22,2106400.042,2106400.042
0.39,0.0,0.21,2091074.501,2091074.501
0.39,0.0,0.2,2071905.283,2071905.283
0.39,0.0,0.19,2048352.464,2048352.464
0.39,0.0,0.18,2019846.254,2019846.254
0.39,0.0,0.17,1985772.986,1985772.986
0.39,0.0,0.16,1945463.272,1945463.272
0.39,0.0,0.15,1898186.559,1898186.559
0.39,0.0,0.14,1843153.621,1843153.621
0.39,0.0,0.13,1779527.876,1779527.876
0.39,0.0,0.12,1706446.38,1706446.38
0.39,0.0,0.11,1623051.543,1623051.543
0.39,0.0,0.1,1528534.748,1528534.748
0.39,0.0,0.09,1422193.07,1422193.07
0.39,0.0,0.08,1303500.198,1303500.198
0.39,0.0,0.07,1172192.527,1172192.527
0.39,0.0,0.06,1028371.264,1028371.264
0.39,0.0,0.05,872620.907,872620.907
0.39,0.0,0.04,706141.612,706141.612
0.39,0.0,0.03,530888.658,530888.658
0.39,0.0,0.02,349836.097,349836.097
0.39,0.0,0.01,168398.225,168398.225
0.39,0.0,-0.0,-0.0,-0.0
0.39,0.0,-0.01,-125670.159,-125670.159
0.39,0.0,-0.02,-172437.268,-172437.268
0.39,0.0,-0.03,-138332.408,-138332.408
0.39,0.0,-0.04,-72366.2,-72366.2
0.39,0.0,-0.05,-24876.25,-24876.25
0.39,0.0,-0.06,-5568.162,-5568.162
0.39,0.0,-0.07,-802.551,-802.551
0.39,0.0,-0.08,-73.723,-73.723
0.39,0.0,-0.09,-4.277,-4.277
0.39,0.0,-0.1,-0.155,-0.155
0.39,0.0,-0.11,-0.004,-0.004
0.39,0.0,-0.12,-0.0,-0.0
0.39,0.0,-0.13,-0.0,-0.0
0.39,0.0,-0.14,-0.0,-0.0
0.39,0.0,-0.15,-0.0,-0.0
0.39,0.0,-0.16,-0.0,-0.0
0.39,0.0,-0.17,-0.0,0.0
0.39,0.0,-0.18,-0.0,0.0
0.39,0.0,-0.19,-0.0,0.0
0.39,0.0,-0.2,-0.0,0.0
0.38,0.0,0.4,2140134.313,2140134.313
0.38,0.0,0.39,2140110.426,2140110.426
0.38,0.0,0.38,2140075.29,2140075.29
0.38,0.0,0.37,2140023.619,2140023.619
0.38,0.0,0.36,2139947.657,2139947.657
0.38,0.0,0.35,2139836.03,2139836.03
0.38,0.0,0.34,2139672.102,2139672.102
0.38,0.0,0.33,2139431.599,2139431.599
0.38,0.0,0.32,2139078.549,2139078.549
0.38,0.0,0.31,2138562.493,2138562.493
0.38,0.0,0.3,2137810.124,2137810.124
0.38,0.0,0.29,2136717.371,2136717.371
0.38,0.0,0.28,2135138.918,2135138.918
0.38,0.0,0.27,2132876.227,2132876.227
0.38,0.0,0.26,2129665.841,2129665.841
0.38,0.0,0.25,2125171.079,2125171.079
0.38,0.0,0.24,2118981.005,2118981.005
0.38,0.0,0.23,2110620.471,2110620.471
0.38,0.0,0.22,2099563.62,2099563.62
0.38,0.0,0.21,2085260.746,2085260.746
0.38,0.0,0.2,2067147.912,2067147.912
0.38,0.0,0.19,2044650.229,2044650.229
0.38,0.0,0.18,2017172.723,2017172.723
0.38,0.0,0.17,1984085.414,1984085.414
0.38,0.0,0.16,1944709.107,1944709.107
0.38,0.0,0.15,1898306.685,1898306.685
0.38,0.0,0.14,1844082.571,1844082.571
0.38,0.0,0.13,1781136.602,1781136.602
0.38,0.0,0.12,1708759.144,1708759.144
0.38,0.0,0.11,1625910.833,1625910.833
0.38,0.0,0.1,1531817.517,1531817.517
0.38,0.0,0.09,1425752.253,1425752.253
0.38,0.0,0.08,1307157.164,1307157.164
0.38,0.0,0.07,1175762.618,1175762.618
0.38,0.0,0.06,1031632.655,1031632.655
0.38,0.0,0.05,875347.886,875347.886
0.38,0.0,0.04,708108.577,708108.577
0.38,0.0,0.03,531874.402,531874.402
0.38,0.0,0.02,349665.413,349665.413
0.38,0.0,0.01,167342.663,167342.663
0.38,0.0,-0.0,-0.0,-0.0
0.38,0.0,-0.01,-120495.893,-120495.893
0.38,0.0,-0.02,-159780.544,-159780.544
0.38,0.0,-0.03,-122708.58,-122708.58
0.38,0.0,-0.04,-61043.278,-61043.278
0.38,0.0,-0.05,-19869.08,-19869.08
0.38,0.0,-0.06,-4200.236,-4200.236
0.38,0.0,-0.07,-570.891,-570.891
0.38,0.0,-0.08,-49.413,-49.413
0.38,0.0,-0.09,-2.7,-2.7
0.38,0.0,-0.1,-0.092,-0.092
0.38,0.0,-0.11,-0.002,-0.002
0.38,0.0,-0.12,-0.0,-0.0
0.38,0.0,-0.13,-0.0,-0.0
0.38,0.0,-0.14,-0.0,-0.0
0.38,0.0,-0.15,-0.0,-0.0
0.38,0.0,-0.16,-0.0,-0.0
0.38,0.0,-0.17,-0.0,0.0
0.38,0.0,-0.18,-0.0,0.0
0.38,0.0,-0.19,-0.0,0.0
0.38,0.0,-0.2,-0.0,0.0
0.37,0.0,0.4,2127347.587,2127347.587
0.37,0.0,0.39,2127327.213,2127327.213
0.37,0.0,0.38,2127297.243,2127297.243
0.37,0.0,0.37,2127253.164,2127253.164
0.37,0.0,0.36,2127188.347,2127188.347
0.37,0.0,0.35,2127093.073,2127093.073
0.37,0.0,0.34,2126953.098,2126953.098
0.37,0.0,0.33,2126747.603,2126747.603
0.37,0.0,0.32,2126446.07,2126446.07
0.37,0.0,0.31,2126004.028,2126004.028
0.37,0.0,0.3,2125358.51,2125358.51
0.37,0.0,0.29,2124418.569,2124418.569
0.37,0.0,0.28,2123055.889,2123055.889
0.37,0.0,0.27,2121092.619,2121092.619
0.37,0.0,0.26,2118288.18,2118288.18
0.37,0.0,0.25,2114327.486,2114327.486
0.37,0.0,0.24,2108814.38,2108814.38
0.37,0.0,0.23,2101274.408,2101274.408
0.37,0.0,0.22,2091168.616,2091168.616
0.37,0.0,0.21,2077914.997,2077914.997
0.37,0.0,0.2,2060909.211,2060909.211
0.37,0.0,0.19,2039535.782,2039535.782
0.37,0.0,0.18,2013166.08,2013166.08
0.37,0.0,0.17,1981146.251,1981146.251
0.37,0.0,0.16,1942781.971,1942781.971
0.37,0.0,0.15,1897326.655,1897326.655
0.37,0.0,0.14,1843977.429,1843977.429
0.37,0.0,0.13,1781881.204,1781881.204
0.37,0.0,0.12,1710152.112,1710152.112
0.37,0.0,0.11,1627901.385,1627901.385
0.37,0.0,0.1,1534280.813,1534280.813
0.37,0.0,0.09,1428541.068,1428541.068
0.37,0.0,0.08,1310104.758,1310104.758
0.37,0.0,0.07,1178664.947,1178664.947
0.37,0.0,0.06,1034280.647,1034280.647
0.37,0.0,0.05,877516.127,877516.127
0.37,0.0,0.04,709565.466,709565.466
0.37,0.0,0.03,532377.989,532377.989
0.37,0.0,0.02,349016.844,349016.844
0.37,0.0,0.01,165895.55,165895.55
0.37,0.0,-0.0,-0.0,-0.0
0.37,0.0,-0.01,-114808.874,-114808.874
0.37,0.0,-0.02,-146823.141,-146823.141
0.37,0.0,-0.03,-107772.253,-107772.253
0.37,0.0,-0.04,-50924.137,-50924.137
0.37,0.0,-0.05,-15682.444,-15682.444
0.37,0.0,-0.06,-3129.309,-3129.309
0.37,0.0,-0.07,-400.952,-400.952
0.37,0.0,-0.08,-32.691,-32.691
0.37,0.0,-0.09,-1.682,-1.682
0.37,0.0,-0.1,-0.054,-0.054
0.37,0.0,-0.11,-0.001,-0.001
0.37,0.0,-0.12,-0.0,-0.0
0.37,0.0,-0.13,-0.0,-0.0
0.37,0.0,-0.14,-0.0,-0.0
0.37,0.0,-0.15,-0.0,-0.0
0.37,0.0,-0.16,-0.0,-0.0
0.37,0.0,-0.17,-0.0,0.0
0.37,0.0,-0.18,-0.0,0.0
0.37,0.0,-0.19,-0.0,0.0
0.37,0.0,-0.2,-0.0,0.0
0.36,0.0,0.4,2113174.417,2113174.417
0.36,0.0,0.39,2113157.012,2113157.012
0.36,0.0,0.38,2113131.406,2113131.406
0.36,0.0,0.37,2113093.743,2113093.743
0.36,0.0,0.36,2113038.351,2113038.351
0.36,0.0,0.35,2112956.912,2112956.912
0.36,0.0,0.34,2112837.221,2112837.221
0.36,0.0,0.33,2112661.419,2112661.419
0.36,0.0,0.32,2112403.423,2112403.423
0.36,0.0,0.31,2112024.805,2112024.805
0.36,0.0,0.3,2111470.652,2111470.652
0.36,0.0,0.29,2110662.177,2110662.177
0.36,0.0,0.28,2109486.675,2109486.675
0.36,0.0,0.27,2107786.089,2107786.089
0.36,0.0,0.26,2105343.168,2105343.168
0.36,0.0,0.25,2101867.316,2101867.316
0.36,0.0,0.24,2096983.385,2096983.385
0.36,0.0,0.23,2090227.93,2090227.93
0.36,0.0,0.22,2081056.786,2081056.786
0.36,0.0,0.21,2068864.046,2068864.046
0.36,0.0,0.2,2053006.463,2053006.463
0.36,0.0,0.19,2032823.35,2032823.35
0.36,0.0,0.18,2007644.008,2007644.008
0.36,0.0,0.17,1976781.692,1976781.692
0.36,0.0,0.16,1939519.668,1939519.668
0.36,0.0,0.15,1895097.22,1895097.22
0.36,0.0,0.14,1842383.623,1842383.623
0.36,0.0,0.13,1781472.508,1781472.508
0.36,0.0,0.12,1710512.928,1710512.928
0.36,0.0,0.11,1628921.236,1628921.236
0.36,0.0,0.1,1535832.091,1535832.091
0.36,0.0,0.09,1430475.545,1430475.545
0.36,0.0,0.08,1312252.883,1312252.883
0.36,0.0,0.07,1180830.601,1180830.601
0.36,0.0,0.06,1036252.684,1036252.684
0.36,0.0,0.05,879067.757,879067.757
0.36,0.0,0.04,710454.814,710454.814
0.36,0.0,0.03,532334.24,532334.24
0.36,0.0,0.02,347815.777,347815.777
0.36,0.0,0.01,164002.356,164002.356
0.36,0.0,-0.0,-0.0,-0.0
0.36,0.0,-0.01,-108633.351,-108633.351
0.36,0.0,-0.02,-133711.292,-133711.292
0.36,0.0,-0.03,-93662.197,-93662.197
0.36,0.0,-0.04,-41991.104,-41991.104
0.36,0.0,-0.05,-12225.792,-12225.792
0.36,0.0,-0.06,-2301.593,-2301.593
0.36,0.0,-0.07,-277.903,-277.903
0.36,0.0,-0.08,-21.34,-21.34
0.36,0.0,-0.09,-1.034,-1.034
0.36,0.0,-0.1,-0.031,-0.031
0.36,0.0,-0.11,-0.001,-0.001
0.36,0.0,-0.12,-0.0,-0.0
0.36,0.0,-0.13,-0.0,-0.0
0.36,0.0,-0.14,-0.0,-0.0
0.36,0.0,-0.15,-0.0,-0.0
0.36,0.0,-0.16,-0.0,-0.0
0.36,0.0,-0.17,-0.0,0.0
0.36,0.0,-0.18,-0.0,0.0
0.36,0.0,-0.19,-0.0,0.0
0.36,0.0,-0.2,-0.0,0.0
0.35,0.0,0.4,2097456.395,2097456.395
0.35,0.0,0.39,2097441.503,2097441.503
0.35,0.0,0.38,2097419.593,2097419.593
0.35,0.0,0.37,2097387.361,2097387.361
0.35,0.0,0.36,2097339.955,2097339.955
0.35,0.0,0.35,2097270.241,2097270.241
0.35,0.0,0.34,2097167.756,2097167.756
0.35,0.0,0.33,2097017.167,2097017.167
0.35,0.0,0.32,2096796.044,2096796.044
0.35,0.0,0.31,2096471.676,2096471.676
0.35,0.0,0.3,2095995.735,2095995.735
0.35,0.0,0.29,2095300.158,2095300.158
0.35,0.0,0.28,2094286.504,2094286.504
0.35,0.0,0.27,2092815.186,2092815.186
0.35,0.0,0.26,2090691.798,2090691.798
0.35,0.0,0.25,2087651.639,2087651.639
0.35,0.0,0.24,2083345.041,2083345.041
0.35,0.0,0.23,2077327.694,2077327.694
0.35,0.0,0.22,2069060.925,2069060.925
0.35,0.0,0.21,1986174.522,1986174.522
0.35,0.0,0.2,2043243.612,2043243.612
0.35,0.0,0.19,2024309.534,2024309.534
0.35,0.0,0.18,2000403.067,2000403.067
0.35,0.0,0.17,1970794.851,1970794.851
0.35,0.0,0.16,1934736.537,1934736.537
0.35,0.0,0.15,1891446.504,1891446.504
0.35,0.0,0.14,1840099.021,1840099.021
0.35,0.0,0.13,1779822.791,1779822.791
0.35,0.0,0.12,1709712.26,1709712.26
0.35,0.0,0.11,1628853.471,1628853.471
0.35,0.0,0.1,1536365.734,1536365.734
0.35,0.0,0.09,1431460.328,1431460.328
0.35,0.0,0.08,1313517.407,1313517.407
0.35,0.0,0.07,1182181.955,1182181.955
0.35,0.0,0.06,1037478.308,1037478.308
0.35,0.0,0.05,879940.158,879940.158
0.35,0.0,0.04,710709.737,710709.737
0.35,0.0,0.03,531664.759,531664.759
0.35,0.0,0.02,345972.006,345972.006
0.35,0.0,0.01,161603.801,161603.801
0.35,0.0,-0.0,-0.0,-0.0
0.35,0.0,-0.01,-102008.068,-102008.068
0.35,0.0,-0.02,-120601.321,-120601.321
0.35,0.0,-0.03,-80496.241,-80496.241
0.35,0.0,-0.04,-34204.844,-34204.844
0.35,0.0,-0.05,-9408.497,-9408.497
0.35,0.0,-0.06,-1670.291,-1670.291
0.35,0.0,-0.07,-189.995,-189.995
0.35,0.0,-0.08,-13.738,-13.738
0.35,0.0,-0.09,-0.627,-0.627
0.35,0.0,-0.1,-0.018,-0.018
0.35,0.0,-0.11,-0.0,-0.0
0.35,0.0,-0.12,-0.0,-0.0
0.35,0.0,-0.13,-0.0,-0.0
0.35,0.0,-0.14,-0.0,-0.0
0.35,0.0,-0.15,-0.0,-0.0
0.35,0.0,-0.16,-0.0,-0.0
0.35,0.0,-0.17,-0.0,0.0
0.35,0.0,-0.18,-0.0,0.0
0.35,0.0,-0.19,-0.0,0.0
0.35,0.0,-0.2,-0.0,0.0
0.34,0.0,0.4,2080017.768,2080017.768
0.34,0.0,0.39,2080005.007,2080005.007
0.34,0.0,0.38,2079986.233,2079986.233
0.34,0.0,0.37,2079958.612,2079958.612
0.34,0.0,0.36,2079917.983,2079917.983
0.34,0.0,0.35,2079858.227,2079858.227
0.34,0.0,0.34,2079770.364,2079770.364
0.34,0.0,0.33,2079641.219,2079641.219
0.34,0.0,0.32,2079451.497,2079451.497
0.34,0.0,0.31,2079173.006,2079173.006
0.34,0.0,0.3,2006351.136,2006351.136
0.34,0.0,0.29,2005812.311,2005812.311
0.34,0.0,0.28,2077291.788,2077291.788
0.34,0.0,0.27,2076019.813,2076019.813
0.34,0.0,0.26,2074177.184,2074177.184
0.34,0.0,0.25,2071525.268,2071525.268
0.34,0.0,0.24,2067742.593,2067742.593
0.34,0.0,0.23,2062410.365,2062410.365
0.34,0.0,0.22,2055005.525,2055005.525
0.34,0.0,0.21,2044906.443,2044906.443
0.34,0.0,0.2,2031412.83,2031412.83
0.34,0.0,0.19,2013774.655,2013774.655
0.34,0.0,0.18,1991219.075,1991219.075
0.34,0.0,0.17,1962964.929,1962964.929
0.34,0.0,0.16,1928221.603,1928221.603
0.34,0.0,0.15,1886118.9,1886118.9
0.34,0.0,0.14,1835987.517,1835987.517
0.34,0.0,0.13,1776767.416,1776767.416
0.34,0.0,0.12,1707601.25,1707601.25
0.34,0.0,0.11,1627563.926,1627563.926
0.34,0.0,0.1,1535761.027,1535761.027
0.34,0.0,0.09,1431386.015,1431386.015
0.34,0.0,0.08,1313802.24,1313802.24
0.34,0.0,0.07,1182631.294,1182631.294
0.34,0.0,0.06,1037877.794,1037877.794
0.34,0.0,0.05,880048.697,880048.697
0.34,0.0,0.04,710251.018,710251.018
0.34,0.0,0.03,530274.57,530274.57
0.34,0.0,0.02,343381.405,343381.405
0.34,0.0,0.01,158636.966,158636.966
0.34,0.0,-0.0,-0.0,-0.0
0.34,0.0,-0.01,-94987.098,-94987.098
0.34,0.0,-0.02,-107658.499,-107658.499
0.34,0.0,-0.03,-68367.804,-68367.804
0.34,0.0,-0.04,-27507.223,-27507.223
0.34,0.0,-0.05,-7143.425,-7143.425
0.34,0.0,-0.06,-1195.369,-1195.369
0.34,0.0,-0.07,-128.061,-128.061
0.34,0.0,-0.08,-8.718,-8.718
0.34,0.0,-0.09,-0.374,-0.374
0.34,0.0,-0.1,-0.01,-0.01
0.34,0.0,-0.11,-0.0,-0.0
0.34,0.0,-0.12,-0.0,-0.0
0.34,0.0,-0.13,-0.0,-0.0
0.34,0.0,-0.14,-0.0,-0.0
0.34,0.0,-0.15,-0.0,-0.0
0.34,0.0,-0.16,-0.0,-0.0
0.34,0.0,-0.17,-0.0,0.0
0.34,0.0,-0.18,-0.0,0.0
0.34,0.0,-0.19,-0.0,0.0
0.34,0.0,-0.2,-0.0,0.0
0.33,0.0,0.4,2060666.169,2060666.169
0.33,0.0,0.39,2060655.221,2060655.221
0.33,0.0,0.38,2060639.112,2060639.112
0.33,0.0,0.37,2060615.413,2060615.413
0.33,0.0,0.36,2060580.548,2060580.548
0.33,0.0,0.35,2060529.267,2060529.267
0.33,0.0,0.34,2060453.851,2060453.851
0.33,0.0,0.33,2060342.974,2060342.974
0.33,0.0,0.32,2060180.032,2060180.032
0.33,0.0,0.31,2059940.726,2059940.726
0.33,0.0,0.3,2059589.588,2059589.588
0.33,0.0,0.29,2059074.537,2059074.537
0.33,0.0,0.28,2058320.826,2058320.826
0.33,0.0,0.27,2057221.696,2057221.696
0.33,0.0,0.26,2055624.635,2055624.635
0.33,0.0,0.25,2053316.33,2053316.33
0.33,0.0,0.24,2050004.648,2050004.648
0.33,0.0,0.23,2045300.731,2045300.731
0.33,0.0,0.22,2038705.731,2038705.731
0.33,0.0,0.21,2029608.103,2029608.103
0.33,0.0,0.2,2017296.108,2017296.108
0.33,0.0,0.19,2000984.719,2000984.719
0.33,0.0,0.18,1979848.421,1979848.421
0.33,0.0,0.17,1953047.275,1953047.275
0.33,0.0,0.16,1919679.16,1919679.16
0.33,0.0,0.15,1879065.99,1879065.99
0.33,0.0,0.14,1830159.976,1830159.976
0.33,0.0,0.13,1772117.069,1772117.069
0.33,0.0,0.12,1704008.695,1704008.695
0.33,0.0,0.11,1624898.597,1624898.597
0.33,0.0,0.1,1533879.857,1533879.857
0.33,0.0,0.09,1430131.655,1430131.655
0.33,0.0,0.08,1312996.675,1312996.675
0.33,0.0,0.07,1182079.174,1182079.174
0.33,0.0,0.06,1037360.436,1037360.436
0.33,0.0,0.05,879315.337,879315.337
0.33,0.0,0.04,708983.913,708983.913
0.33,0.0,0.03,528047.955,528047.955
0.33,0.0,0.02,339921.811,339921.811
0.33,0.0,0.01,155037.13,155037.13
0.33,0.0,-0.0,-0.0,-0.0
0.33,0.0,-0.01,-87640.034,-87640.034
0.33,0.0,-0.02,-95034.543,-95034.543
0.33,0.0,-0.03,-57343.422,-57343.422
0.33,0.0,-0.04,-21824.687,-21824.687
0.33,0.0,-0.05,-5347.631,-5347.631
0.33,0.0,-0.06,-843.15,-843.15
0.33,0.0,-0.07,-85.05,-85.05
0.33,0.0,-0.08,-5.45,-5.45
0.33,0.0,-0.09,-0.22,-0.22
0.33,0.0,-0.1,-0.006,-0.006
0.33,0.0,-0.11,-0.0,-0.0
0.33,0.0,-0.12,-0.0,-0.0
0.33,0.0,-0.13,-0.0,-0.0
0.33,0.0,-0.14,-0.0,-0.0
0.33,0.0,-0.15,-0.0,-0.0
0.33,0.0,-0.16,-0.0,-0.0
0.33,0.0,-0.17,-0.0,0.0
0.33,0.0,-0.18,-0.0,0.0
0.33,0.0,-0.19,-0.0,0.0
0.33,0.0,-0.2,-0.0,0.0
0.32,0.0,0.4,2039192.24,2039192.24
0.32,0.0,0.39,2039182.836,2039182.836
0.32,0.0,0.38,2039169.0,2039169.0
0.32,0.0,0.37,2039148.642,2039148.642
0.32,0.0,0.36,2039118.693,2039118.693
0.32,0.0,0.35,2039074.636,2039074.636
0.32,0.0,0.34,2039009.838,2039009.838
0.32,0.0,0.33,2038914.553,2038914.553
0.32,0.0,0.32,2038774.484,2038774.484
0.32,0.0,0.31,2038568.688,2038568.688
0.32,0.0,0.3,2038266.538,2038266.538
0.32,0.0,0.29,2037823.387,2037823.387
0.32,0.0,0.28,2037173.53,2037173.53
0.32,0.0,0.27,2036223.982,2036223.982
0.32,0.0,0.26,2034840.978,2034840.978
0.32,0.0,0.25,2032835.147,2032835.147
0.32,0.0,0.24,2029943.585,2029943.585
0.32,0.0,0.23,2025809.885,2025809.885
0.32,0.0,0.22,2019965.956,2019965.956
0.32,0.0,0.21,2011821.361,2011821.361
0.32,0.0,0.2,2000666.615,2000666.615
0.32,0.0,0.19,1985693.777,1985693.777
0.32,0.0,0.18,1966030.329,1966030.329
0.32,0.0,0.17,1940411.042,1940411.042
0.32,0.0,0.16,1909019.46,1909019.46
0.32,0.0,0.15,1869858.716,1869858.716
0.32,0.0,0.14,1822379.907,1822379.907
0.32,0.0,0.13,1765654.836,1765654.836
0.32,0.0,0.12,1698738.062,1698738.062
0.32,0.0,0.11,1620680.797,1620680.797
0.32,0.0,0.1,1530564.115,1530564.115
0.32,0.0,0.09,1427553.388,1427553.388
0.32,0.0,0.08,1310974.684,1310974.684
0.32,0.0,0.07,1180412.428,1180412.428
0.32,0.0,0.06,1035822.353,1035822.353
0.32,0.0,0.05,877634.987,877634.987
0.32,0.0,0.04,706793.477,706793.477
0.32,0.0,0.03,524843.978,524843.978
0.32,0.0,0.02,335452.658,335452.658
0.32,0.0,0.01,150740.485,150740.485
0.32,0.0,-0.0,-0.0,-0.0
0.32,0.0,-0.01,-80051.394,-80051.394
0.32,0.0,-0.02,-82896.388,-82896.388
0.32,0.0,-0.03,-47461.407,-47461.407
0.32,0.0,-0.04,-17071.981,-17071.981
0.32,0.0,-0.05,-3944.522,-3944.522
0.32,0.0,-0.06,-585.769,-585.769
0.32,0.0,-0.07,-55.623,-55.623
0.32,0.0,-0.08,-3.355,-3.355
0.32,0.0,-0.09,-0.128,-0.128
0.32,0.0,-0.1,-0.003,-0.003
0.32,0.0,-0.11,-0.0,-0.0
0.32,0.0,-0.12,-0.0,-0.0
0.32,0.0,-0.13,-0.0,-0.0
0.32,0.0,-0.14,-0.0,-0.0
0.32,0.0,-0.15,-0.0,-0.0
0.32,0.0,-0.16,-0.0,0.0
0.32,0.0,-0.17,-0.0,0.0
0.32,0.0,-0.18,-0.0,0.0
0.32,0.0,-0.19,-0.0,0.0
0.32,0.0,-0.2,-0.0,0.0
0.31,0.0,0.4,2015369.618,2015369.618
0.31,0.0,0.39,2015361.533,2015361.533
0.31,0.0,0.38,2015349.637,2015349.637
0.31,0.0,0.37,2015332.134,2015332.134
0.31,0.0,0.36,2015306.383,2015306.383
0.31,0.0,0.35,2015268.5,2015268.5
0.31,0.0,0.34,2015212.776,2015212.776
0.31,0.0,0.33,2015130.822,2015130.822
0.31,0.0,0.32,2015010.326,2015010.326
0.31,0.0,0.31,2014833.227,2014833.227
0.31,0.0,0.3,2014573.086,2014573.086
0.31,0.0,0.29,2014191.284,2014191.284
0.31,0.0,0.28,2013631.531,2013631.531
0.31,0.0,0.27,2012811.271,2012811.271
0.31,0.0,0.26,2011614.397,2011614.397
0.31,0.0,0.25,2009873.727,2009873.727
0.31,0.0,0.24,2007354.554,2007354.554
0.31,0.0,0.23,2003733.791,2003733.791
0.31,0.0,0.22,1998578.453,1998578.453
0.31,0.0,0.21,1991328.309,1991328.309
0.31,0.0,0.2,1981289.629,1981289.629
0.31,0.0,0.19,1967282.713,1967282.713
0.31,0.0,0.18,1949489.925,1949489.925
0.31,0.0,0.17,1925859.317,1925859.317
0.31,0.0,0.16,1895777.736,1895777.736
0.31,0.0,0.15,1858272.959,1858272.959
0.31,0.0,0.14,1812379.883,1812379.883
0.31,0.0,0.13,1757133.463,1757133.463
0.31,0.0,0.12,1691564.414,1691564.414
0.31,0.0,0.11,1614708.077,1614708.077
0.31,0.0,0.1,1525631.204,1525631.204
0.31,0.0,0.09,1423490.823,1423490.823
0.31,0.0,0.08,1307592.449,1307592.449
0.31,0.0,0.07,1177501.723,1177501.723
0.31,0.0,0.06,1033147.182,1033147.182
0.31,0.0,0.05,874886.641,874886.641
0.31,0.0,0.04,703538.426,703538.426
0.31,0.0,0.03,520489.882,520489.882
0.31,0.0,0.02,329815.076,329815.076
0.31,0.0,0.01,145687.87,145687.87
0.31,0.0,-0.0,-0.0,-0.0
0.31,0.0,-0.01,-72319.096,-72319.096
0.31,0.0,-0.02,-71385.851,-71385.851
0.31,0.0,-0.03,-38731.734,-38731.734
0.31,0.0,-0.04,-13155.989,-13155.989
0.31,0.0,-0.05,-2864.826,-2864.826
0.31,0.0,-0.06,-400.567,-400.567
0.31,0.0,-0.07,-35.8,-35.8
0.31,0.0,-0.08,-2.032,-2.032
0.31,0.0,-0.09,-0.073,-0.073
0.31,0.0,-0.1,-0.002,-0.002
0.31,0.0,-0.11,-0.0,-0.0
0.31,0.0,-0.12,-0.0,-0.0
0.31,0.0,-0.13,-0.0,-0.0
0.31,0.0,-0.14,-0.0,-0.0
0.31,0.0,-0.15,-0.0,-0.0
0.31,0.0,-0.16,-0.0,0.0
0.31,0.0,-0.17,-0.0,0.0
0.31,0.0,-0.18,-0.0,0.0
0.31,0.0,-0.19,-0.0,0.0
0.31,0.0,-0.2,-0.0,0.0
0.3,0.0,0.4,1988955.37,1988955.37
0.3,0.0,0.39,1988948.414,1988948.414
0.3,0.0,0.38,1988938.179,1988938.179
0.3,0.0,0.37,1988923.12,1988923.12
0.3,0.0,0.36,1988900.962,1988900.962
0.3,0.0,0.35,1988868.365,1988868.365
0.3,0.0,0.34,1988820.411,1988820.411
0.3,0.0,0.33,1988749.877,1988749.877
0.3,0.0,0.32,1988646.154,1988646.154
0.3,0.0,0.31,1988493.669,1988493.669
0.3,0.0,0.3,1988269.599,1988269.599
0.3,0.0,0.29,1987940.559,1987940.559
0.3,0.0,0.28,1987457.84,1987457.84
0.3,0.0,0.27,1986750.159,1986750.159
0.3,0.0,0.26,1985714.854,1985714.854
0.3,0.0,0.25,1984205.914,1984205.914
0.3,0.0,0.24,1982015.181,1982015.181
0.3,0.0,0.23,1978852.475,1978852.475
0.3,0.0,0.22,1974322.207,1974322.207
0.3,0.0,0.21,1967901.057,1967901.057
0.3,0.0,0.2,1958923.037,1958923.037
0.3,0.0,0.19,1946579.832,1946579.832
0.3,0.0,0.18,1929941.819,1929941.819
0.3,0.0,0.17,1907997.414,1907997.414
0.3,0.0,0.16,1879698.666,1879698.666
0.3,0.0,0.15,1843997.124,1843997.124
0.3,0.0,0.14,1799860.517,1799860.517
0.3,0.0,0.13,1746273.098,1746273.098
0.3,0.0,0.12,1682231.458,1682231.458
0.3,0.0,0.11,1606749.031,1606749.031
0.3,0.0,0.1,1518878.848,1518878.848
0.3,0.0,0.09,1417759.49,1417759.49
0.3,0.0,0.08,1302685.439,1302685.439
0.3,0.0,0.07,1173198.471,1173198.471
0.3,0.0,0.06,1029184.391,1029184.391
0.3,0.0,0.05,870924.009,870924.009
0.3,0.0,0.04,699043.1,699043.1
0.3,0.0,0.03,514775.444,514775.444
0.3,0.0,0.02,322833.771,322833.771
0.3,0.0,0.01,139829.605,139829.605
0.3,0.0,-0.0,-0.0,-0.0
0.3,0.0,-0.01,-64551.955,-64551.955
0.3,0.0,-0.02,-60631.215,-60631.215
0.3,0.0,-0.03,-31137.166,-31137.166
0.3,0.0,-0.04,-9979.629,-9979.629
0.3,0.0,-0.05,-2047.09,-2047.09
0.3,0.0,-0.06,-269.422,-269.422
0.3,0.0,-0.07,-22.66,-22.66
0.3,0.0,-0.08,-1.21,-1.21
0.3,0.0,-0.09,-0.041,-0.041
0.3,0.0,-0.1,-0.001,-0.001
0.3,0.0,-0.11,-0.0,-0.0
0.3,0.0,-0.12,-0.0,-0.0
0.3,0.0,-0.13,-0.0,-0.0
0.3,0.0,-0.14,-0.0,-0.0
0.3,0.0,-0.15,-0.0,-0.0
0.3,0.0,-0.16,-0.0,0.0
0.3,0.0,-0.17,-0.0,0.0
0.3,0.0,-0.18,-0.0,0.0
0.3,0.0,-0.19,-0.0,0.0
0.3,0.0,-0.2,-0.0,0.0
0.29,0.0,0.4,1959690.99,1959690.99
0.29,0.0,0.39,1959685.002,1959685.002
0.29,0.0,0.38,1959676.191,1959676.191
0.29,0.0,0.37,1959663.227,1959663.227
0.29,0.0,0.36,1959644.153,1959644.153
0.29,0.0,0.35,1959616.089,1959616.089
0.29,0.0,0.34,1959574.802,1959574.802
0.29,0.0,0.33,1959514.07,1959514.07
0.29,0.0,0.32,1959424.745,1959424.745
0.29,0.0,0.31,1959293.404,1959293.404
0.29,0.0,0.3,1959100.349,1959100.349
0.29,0.0,0.29,1958816.73,1958816.73
0.29,0.0,0.28,1958400.384,1958400.384
0.29,0.0,0.27,1957789.884,1957789.884
0.29,0.0,0.26,1956895.155,1956895.155
0.29,0.0,0.25,1955588.266,1955588.266
0.29,0.0,0.24,1953686.1,1953686.1
0.29,0.0,0.23,1950930.031,1950930.031
0.29,0.0,0.22,1946962.439,1946962.439
0.29,0.0,0.21,1941301.162,1941301.162
0.29,0.0,0.2,1933317.557,1933317.557
0.29,0.0,0.19,1922226.108,1922226.108
0.29,0.0,0.18,1907093.846,1907093.846
0.29,0.0,0.17,1886872.916,1886872.916
0.29,0.0,0.16,1860449.506,1860449.506
0.29,0.0,0.15,1826693.19,1826693.19
0.29,0.0,0.14,1784490.829,1784490.829
0.29,0.0,0.13,1732759.883,1732759.883
0.29,0.0,0.12,1670448.966,1670448.966
0.29,0.0,0.11,1596538.348,1596538.348
0.29,0.0,0.1,1510065.704,1510065.704
0.29,0.0,0.09,1410148.29,1410148.29
0.29,0.0,0.08,1296064.87,1296064.87
0.29,0.0,0.07,1167330.809,1167330.809
0.29,0.0,0.06,1023778.955,1023778.955
0.29,0.0,0.05,865567.514,865567.514
0.29,0.0,0.04,693087.148,693087.148
0.29,0.0,0.03,507448.883,507448.883
0.29,0.0,0.02,314321.491,314321.491
0.29,0.0,0.01,133131.406,133131.406
0.29,0.0,-0.0,-0.0,-0.0
0.29,0.0,-0.01,-56868.061,-56868.061
0.29,0.0,-0.02,-50738.685,-50738.685
0.29,0.0,-0.03,-24635.551,-24635.551
0.29,0.0,-0.04,-7444.867,-7444.867
0.29,0.0,-0.05,-1437.966,-1437.966
0.29,0.0,-0.06,-178.098,-178.098
0.29,0.0,-0.07,-14.094,-14.094
0.29,0.0,-0.08,-0.709,-0.709
0.29,0.0,-0.09,-0.022,-0.022
0.29,0.0,-0.1,-0.0,-0.0
0.29,0.0,-0.11,-0.0,-0.0
0.29,0.0,-0.12,-0.0,-0.0
0.29,0.0,-0.13,-0.0,-0.0
0.29,0.0,-0.14,-0.0,-0.0
0.29,0.0,-0.15,-0.0,-0.0
0.29,0.0,-0.16,-0.0,0.0
0.29,0.0,-0.17,-0.0,0.0
0.29,0.0,-0.18,-0.0,0.0
0.29,0.0,-0.19,-0.0,0.0
0.29,0.0,-0.2,-0.0,0.0
0.28,0.0,0.4,1927304.033,1927304.033
0.28,0.0,0.39,1927298.877,1927298.877
0.28,0.0,0.38,1927291.29,1927291.29
0.28,0.0,0.37,1927280.127,1927280.127
0.28,0.0,0.36,1927263.701,1927263.701
0.28,0.0,0.35,1927239.534,1927239.534
0.28,0.0,0.34,1927203.978,1927203.978
0.28,0.0,0.33,1927151.671,1927151.671
0.28,0.0,0.32,1927074.733,1927074.733
0.28,0.0,0.31,1926961.584,1926961.584
0.28,0.0,0.3,1926795.232,1926795.232
0.28,0.0,0.29,1926550.759,1926550.759
0.28,0.0,0.28,1926191.698,1926191.698
0.28,0.0,0.27,1925664.815,1925664.815
0.28,0.0,0.26,1924892.685,1924892.685
0.28,0.0,0.25,1923761.694,1923761.694
0.28,0.0,0.24,1922112.314,1922112.314
0.28,0.0,0.23,1919715.543,1919715.543
0.28,0.0,0.22,1916250.958,1916250.958
0.28,0.0,0.21,1911279.587,1911279.587
0.28,0.0,0.2,1904216.966,1904216.966
0.28,0.0,0.19,1894313.372,1894313.372
0.28,0.0,0.18,1880650.622,1880650.622
0.28,0.0,0.17,1862163.248,1862163.248
0.28,0.0,0.16,1837683.895,1837683.895
0.28,0.0,0.15,1806001.072,1806001.072
0.28,0.0,0.14,1765910.429,1765910.429
0.28,0.0,0.13,1716245.886,1716245.886
0.28,0.0,0.12,1655890.441,1655890.441
0.28,0.0,0.11,1583782.576,1583782.576
0.28,0.0,0.1,1498923.741,1498923.741
0.28,0.0,0.09,1400415.548,1400415.548
0.28,0.0,0.08,1287513.328,1287513.328
0.28,0.0,0.07,1159702.16,1159702.16
0.28,0.0,0.06,1016728.539,1016728.539
0.28,0.0,0.05,858592.417,858592.417
0.28,0.0,0.04,685393.172,685393.172
0.28,0.0,0.03,498210.749,498210.749
0.28,0.0,0.02,304087.041,304087.041
0.28,0.0,0.01,125581.228,125581.228
0.28,0.0,-0.0,-0.0,-0.0
0.28,0.0,-0.01,-49380.953,-49380.953
0.28,0.0,-0.02,-41788.216,-41788.216
0.28,0.0,-0.03,-19163.141,-19163.141
0.28,0.0,-0.04,-5456.919,-5456.919
0.28,0.0,-0.05,-992.067,-992.067
0.28,0.0,-0.06,-115.608,-115.608
0.28,0.0,-0.07,-8.608,-8.608
0.28,0.0,-0.08,-0.407,-0.407
0.28,0.0,-0.09,-0.012,-0.012
0.28,0.0,-0.1,-0.0,-0.0
0.28,0.0,-0.11,-0.0,-0.0
0.28,0.0,-0.12,-0.0,-0.0
0.28,0.0,-0.13,-0.0,-0.0
0.28,0.0,-0.14,-0.0,-0.0
0.28,0.0,-0.15,-0.0,-0.0
0.28,0.0,-0.16,-0.0,0.0
0.28,0.0,-0.17,-0.0,0.0
0.28,0.0,-0.18,-0.0,0.0
0.28,0.0,-0.19,-0.0,0.0
0.28,0.0,-0.2,-0.0,0.0
0.27,0.0,0.4,1891510.426,1891510.426
0.27,0.0,0.39,1891505.986,1891505.986
0.27,0.0,0.38,1891499.453,1891499.453
0.27,0.0,0.37,1891489.839,1891489.839
0.27,0.0,0.36,1891475.694,1891475.694
0.27,0.0,0.35,1891454.881,1891454.881
0.27,0.0,0.34,1891424.26,1891424.26
0.27,0.0,0.33,1891379.209,1891379.209
0.27,0.0,0.32,1891312.939,1891312.939
0.27,0.0,0.31,1891215.467,1891215.467
0.27,0.0,0.3,1891072.136,1891072.136
0.27,0.0,0.29,1890861.44,1890861.44
0.27,0.0,0.28,1890551.868,1890551.868
0.27,0.0,0.27,1890097.337,1890097.337
0.27,0.0,0.26,1889430.673,1889430.673
0.27,0.0,0.25,1888453.841,1888453.841
0.27,0.0,0.24,1887025.405,1887025.405
0.27,0.0,0.23,1884944.922,1884944.922
0.27,0.0,0.22,1881927.456,1881927.456
0.27,0.0,0.21,1877577.427,1877577.427
0.27,0.0,0.2,1871358.649,1871358.649
0.27,0.0,0.19,1862567.278,1862567.278
0.27,0.0,0.18,1850316.673,1850316.673
0.27,0.0,0.17,1833544.555,1833544.555
0.27,0.0,0.16,1811048.519,1811048.519
0.27,0.0,0.15,1781544.889,1781544.889
0.27,0.0,0.14,1743733.833,1743733.833
0.27,0.0,0.13,1696350.806,1696350.806
0.27,0.0,0.12,1638194.851,1638194.851
0.27,0.0,0.11,1568140.122,1568140.122
0.27,0.0,0.1,1485146.528,1485146.528
0.27,0.0,0.09,1388284.406,1388284.406
0.27,0.0,0.08,1276779.084,1276779.084
0.27,0.0,0.07,1150063.527,1150063.527
0.27,0.0,0.06,1007789.163,1007789.163
0.27,0.0,0.05,849712.383,849712.383
0.27,0.0,0.04,675610.486,675610.486
0.27,0.0,0.03,486713.423,486713.423
0.27,0.0,0.02,291947.814,291947.814
0.27,0.0,0.01,117196.649,117196.649
0.27,0.0,-0.0,-0.0,-0.0
0.27,0.0,-0.01,-42213.315,-42213.315
0.27,0.0,-0.02,-33830.6,-33830.6
0.27,0.0,-0.03,-14638.713,-14638.713
0.27,0.0,-0.04,-3925.765,-3925.765
0.27,0.0,-0.05,-671.567,-671.567
0.27,0.0,-0.06,-73.623,-73.623
0.27,0.0,-0.07,-5.158,-5.158
0.27,0.0,-0.08,-0.23,-0.23
0.27,0.0,-0.09,-0.006,-0.006
0.27,0.0,-0.1,-0.0,-0.0
0.27,0.0,-0.11,-0.0,-0.0
0.27,0.0,-0.12,-0.0,-0.0
0.27,0.0,-0.13,-0.0,-0.0
0.27,0.0,-0.14,-0.0,-0.0
0.27,0.0,-0.15,-0.0,-0.0
0.27,0.0,-0.16,-0.0,0.0
0.27,0.0,-0.17,-0.0,0.0
0.27,0.0,-0.18,-0.0,0.0
0.27,0.0,-0.19,-0.0,0.0
0.27,0.0,-0.2,-0.0,0.0
0.26,0.0,0.4,1852017.346,1852017.346
0.26,0.0,0.39,1852013.524,1852013.524
0.26,0.0,0.38,1852007.898,1852007.898
0.26,0.0,0.37,1851999.621,1851999.621
0.26,0.0,0.36,1851987.442,1851987.442
0.26,0.0,0.35,1851969.522,1851969.522
0.26,0.0,0.34,1851943.156,1851943.156
0.26,0.0,0.33,1851904.364,1851904.364
0.26,0.0,0.32,1851847.296,1851847.296
0.26,0.0,0.31,1851763.351,1851763.351
0.26,0.0,0.3,1851639.894,1851639.894
0.26,0.0,0.29,1851458.373,1851458.373
0.26,0.0,0.28,1851191.585,1851191.585
0.26,0.0,0.27,1850799.696,1850799.696
0.26,0.0,0.26,1850224.522,1850224.522
0.26,0.0,0.25,1849381.363,1849381.363
0.26,0.0,0.24,1848146.421,1848146.421
0.26,0.0,0.23,1846343.536,1846343.536
0.26,0.0,0.22,1843721.67,1843721.67
0.26,0.0,0.21,1839927.45,1839927.45
0.26,0.0,0.2,1834474.654,1834474.654
0.26,0.0,0.19,1826712.206,1826712.206
0.26,0.0,0.18,1815798.999,1815798.999
0.26,0.0,0.17,1800696.58,1800696.58
0.26,0.0,0.16,1780190.166,1780190.166
0.26,0.0,0.15,1752940.711,1752940.711
0.26,0.0,0.14,1717556.713,1717556.713
0.26,0.0,0.13,1672665.789,1672665.789
0.26,0.0,0.12,1616962.542,1616962.542
0.26,0.0,0.11,1549236.908,1549236.908
0.26,0.0,0.1,1468386.955,1468386.955
0.26,0.0,0.09,1373437.186,1373437.186
0.26,0.0,0.08,1263568.503,1263568.503
0.26,0.0,0.07,1138141.247,1138141.247
0.26,0.0,0.06,996653.704,996653.704
0.26,0.0,0.05,838557.069,838557.069
0.26,0.0,0.04,663299.561,663299.561
0.26,0.0,0.03,472565.864,472565.864
0.26,0.0,0.02,277747.648,277747.648
0.26,0.0,0.01,108032.196,108032.196
0.26,0.0,-0.0,-0.0,-0.0
0.26,0.0,-0.01,-35472.568,-35472.568
0.26,0.0,-0.02,-26886.072,-26886.072
0.26,0.0,-0.03,-10968.24,-10968.24
0.26,0.0,-0.04,-2768.809,-2768.809
0.26,0.0,-0.05,-445.584,-445.584
0.26,0.0,-0.06,-45.952,-45.952
0.26,0.0,-0.07,-3.029,-3.029
0.26,0.0,-0.08,-0.127,-0.127
0.26,0.0,-0.09,-0.003,-0.003
0.26,0.0,-0.1,-0.0,-0.0
0.26,0.0,-0.11,-0.0,-0.0
0.26,0.0,-0.12,-0.0,-0.0
0.26,0.0,-0.13,-0.0,-0.0
0.26,0.0,-0.14,-0.0,-0.0
0.26,0.0,-0.15,-0.0,-0.0
0.26,0.0,-0.16,-0.0,0.0
0.26,0.0,-0.17,-0.0,0.0
0.26,0.0,-0.18,-0.0,0.0
0.26,0.0,-0.19,-0.0,0.0
0.26,0.0,-0.2,-0.0,0.0
0.25,0.0,0.4,1808526.388,1808526.388
0.25,0.0,0.39,1808523.098,1808523.098
0.25,0.0,0.38,1808518.257,1808518.257
0.25,0.0,0.37,1808511.134,1808511.134
0.25,0.0,0.36,1808500.652,1808500.652
0.25,0.0,0.35,1808485.23,1808485.23
0.25,0.0,0.34,1808462.537,1808462.537
0.25,0.0,0.33,1808429.15,1808429.15
0.25,0.0,0.32,1808380.029,1808380.029
0.25,0.0,0.31,1808307.77,1808307.77
0.25,0.0,0.3,1808201.486,1808201.486
0.25,0.0,0.29,1808045.19,1808045.19
0.25,0.0,0.28,1807815.418,1807815.418
0.25,0.0,0.27,1807477.779,1807477.779
0.25,0.0,0.26,1806981.969,1806981.969
0.25,0.0,0.25,1806254.588,1806254.588
0.25,0.0,0.24,1805188.998,1805188.998
0.25,0.0,0.23,1803629.274,1803629.274
0.25,0.0,0.22,1801356.078,1801356.078
0.25,0.0,0.21,1798056.211,1798056.211
0.25,0.0,0.2,1793293.152,1793293.152
0.25,0.0,0.19,1786472.424,1786472.424
0.25,0.0,0.18,1776808.934,1776808.934
0.25,0.0,0.17,1763305.918,1763305.918
0.25,0.0,0.16,1744760.401,1744760.401
0.25,0.0,0.15,1719804.852,1719804.852
0.25,0.0,0.14,1686965.113,1686965.113
0.25,0.0,0.13,1644759.266,1644759.266
0.25,0.0,0.12,1591762.552,1591762.552
0.25,0.0,0.11,1526656.504,1526656.504
0.25,0.0,0.1,1448252.886,1448252.886
0.25,0.0,0.09,1355507.843,1355507.843
0.25,0.0,0.08,1247533.224,1247533.224
0.25,0.0,0.07,1123580.089,1123580.089
0.25,0.0,0.06,982925.713,982925.713
0.25,0.0,0.05,824642.753,824642.753
0.25,0.0,0.04,647919.653,647919.653
0.25,0.0,0.03,455347.783,455347.783
0.25,0.0,0.02,261380.388,261380.388
0.25,0.0,0.01,98185.681,98185.681
0.25,0.0,-0.0,-0.0,-0.0
0.25,0.0,-0.01,-29254.658,-29254.658
0.25,0.0,-0.02,-20944.587,-20944.587
0.25,0.0,-0.03,-8049.792,-8049.792
0.25,0.0,-0.04,-1912.108,-1912.108
0.25,0.0,-0.05,-289.441,-289.441
0.25,0.0,-0.06,-28.08,-28.08
0.25,0.0,-0.07,-1.742,-1.742
0.25,0.0,-0.08,-0.069,-0.069
0.25,0.0,-0.09,-0.002,-0.002
0.25,0.0,-0.1,-0.0,-0.0
0.25,0.0,-0.11,-0.0,-0.0
0.25,0.0,-0.12,-0.0,-0.0
0.25,0.0,-0.13,-0.0,-0.0
0.25,0.0,-0.14,-0.0,-0.0
0.25,0.0,-0.15,-0.0,0.0
0.25,0.0,-0.16,-0.0,0.0
0.25,0.0,-0.17,-0.0,0.0
0.25,0.0,-0.18,-0.0,0.0
0.25,0.0,-0.19,-0.0,0.0
0.25,0.0,-0.2,-0.0,0.0
0.24,0.0,0.4,1760736.249,1760736.249
0.24,0.0,0.39,1760733.42,1760733.42
0.24,0.0,0.38,1760729.257,1760729.257
0.24,0.0,0.37,1760723.131,1760723.131
0.24,0.0,0.36,1760714.116,1760714.116
0.24,0.0,0.35,1760700.851,1760700.851
0.24,0.0,0.34,1760681.334,1760681.334
0.24,0.0,0.33,1760652.617,1760652.617
0.24,0.0,0.32,1760610.367,1760610.367
0.24,0.0,0.31,1760548.21,1760548.21
0.24,0.0,0.3,1760456.777,1760456.777
0.24,0.0,0.29,1760322.303,1760322.303
0.24,0.0,0.28,1760124.572,1760124.572
0.24,0.0,0.27,1759833.935,1759833.935
0.24,0.0,0.26,1759406.964,1759406.964
0.24,0.0,0.25,1758780.189,1758780.189
0.24,0.0,0.24,1757861.147,1757861.147
0.24,0.0,0.23,1756515.251,1756515.251
0.24,0.0,0.22,1754548.329,1754548.329
0.24,0.0,0.21,1751685.993,1751685.993
0.24,0.0,0.2,1747539.692,1747539.692
0.24,0.0,0.19,1741572.742,1741572.742
0.24,0.0,0.18,1733062.834,1733062.834
0.24,0.0,0.17,1721070.91,1721070.91
0.24,0.0,0.16,1704429.091,1704429.091
0.24,0.0,0.15,1681761.145,1681761.145
0.24,0.0,0.14,1651541.597,1651541.597
0.24,0.0,0.13,1612183.941,1612183.941
0.24,0.0,0.12,1562133.68,1562133.68
0.24,0.0,0.11,1499940.858,1499940.858
0.24,0.0,0.1,1424301.217,1424301.217
0.24,0.0,0.09,1334074.965,1334074.965
0.24,0.0,0.08,1228252.781,1228252.781
0.24,0.0,0.07,1105932.445,1105932.445
0.24,0.0,0.06,966080.195,966080.195
0.24,0.0,0.05,807337.83,807337.83
0.24,0.0,0.04,628819.271,628819.271
0.24,0.0,0.03,434637.545,434637.545
0.24,0.0,0.02,242818.634,242818.634
0.24,0.0,0.01,87802.397,87802.397
0.24,0.0,-0.0,-0.0,-0.0
0.24,0.0,-0.01,-23636.955,-23636.955
0.24,0.0,-0.02,-15967.792,-15967.792
0.24,0.0,-0.03,-5778.366,-5778.366
0.24,0.0,-0.04,-1291.191,-1291.191
0.24,0.0,-0.05,-183.835,-183.835
0.24,0.0,-0.06,-16.779,-16.779
0.24,0.0,-0.07,-0.98,-0.98
0.24,0.0,-0.08,-0.036,-0.036
0.24,0.0,-0.09,-0.001,-0.001
0.24,0.0,-0.1,-0.0,-0.0
0.24,0.0,-0.11,-0.0,-0.0
0.24,0.0,-0.12,-0.0,-0.0
0.24,0.0,-0.13,-0.0,-0.0
0.24,0.0,-0.14,-0.0,-0.0
0.24,0.0,-0.15,-0.0,0.0
0.24,0.0,-0.16,-0.0,0.0
0.24,0.0,-0.17,-0.0,0.0
0.24,0.0,-0.18,-0.0,0.0
0.24,0.0,-0.19,-0.0,0.0
0.24,0.0,-0.2,-0.0,0.0
0.23,0.0,0.4,1708343.36,1708343.36
0.23,0.0,0.39,1708340.929,1708340.929
0.23,0.0,0.38,1708337.351,1708337.351
0.23,0.0,0.37,1708332.087,1708332.087
0.23,0.0,0.36,1708324.34,1708324.34
0.23,0.0,0.35,1708312.942,1708312.942
0.23,0.0,0.34,1708296.169,1708296.169
0.23,0.0,0.33,1708271.491,1708271.491
0.23,0.0,0.32,1708235.18,1708235.18
0.23,0.0,0.31,1708181.759,1708181.759
0.23,0.0,0.3,1708103.171,1708103.171
0.23,0.0,0.29,1707987.577,1707987.577
0.23,0.0,0.28,1707817.582,1707817.582
0.23,0.0,0.27,1707567.655,1707567.655
0.23,0.0,0.26,1707200.367,1707200.367
0.23,0.0,0.25,1706660.941,1706660.941
0.23,0.0,0.24,1705869.416,1705869.416
0.23,0.0,0.23,1704709.506,1704709.506
0.23,0.0,0.22,1703011.733,1703011.733
0.23,0.0,0.21,1700534.899,1700534.899
0.23,0.0,0.2,1696936.653,1696936.653
0.23,0.0,0.19,1691737.183,1691737.183
0.23,0.0,0.18,1684280.291,1684280.291
0.23,0.0,0.17,1673694.644,1673694.644
0.23,0.0,0.16,1658867.312,1658867.312
0.23,0.0,0.15,1638444.661,1638444.661
0.23,0.0,0.14,1610873.422,1610873.422
0.23,0.0,0.13,1574482.502,1574482.502
0.23,0.0,0.12,1527587.419,1527587.419
0.23,0.0,0.11,1468587.074,1468587.074
0.23,0.0,0.1,1396027.484,1396027.484
0.23,0.0,0.09,1308619.044,1308619.044
0.23,0.0,0.08,1205200.917,1205200.917
0.23,0.0,0.07,1084607.458,1084607.458
0.23,0.0,0.06,945408.269,945408.269
0.23,0.0,0.05,785819.743,785819.743
0.23,0.0,0.04,605245.525,605245.525
0.23,0.0,0.03,410058.23,410058.23
0.23,0.0,0.02,222145.824,222145.824
0.23,0.0,0.01,77075.795,77075.795
0.23,0.0,-0.0,-0.0,-0.0
0.23,0.0,-0.01,-18673.933,-18673.933
0.23,0.0,-0.02,-11892.596,-11892.596
0.23,0.0,-0.03,-4050.365,-4050.365
0.23,0.0,-0.04,-851.289,-851.289
0.23,0.0,-0.05,-114.007,-114.007
0.23,0.0,-0.06,-9.792,-9.792
0.23,0.0,-0.07,-0.538,-0.538
0.23,0.0,-0.08,-0.019,-0.019
0.23,0.0,-0.09,-0.0,-0.0
0.23,0.0,-0.1,-0.0,-0.0
0.23,0.0,-0.11,-0.0,-0.0
0.23,0.0,-0.12,-0.0,-0.0
0.23,0.0,-0.13,-0.0,-0.0
0.23,0.0,-0.14,-0.0,-0.0
0.23,0.0,-0.15,-0.0,0.0
0.23,0.0,-0.16,-0.0,0.0
0.23,0.0,-0.17,-0.0,0.0
0.23,0.0,-0.18,-0.0,0.0
0.23,0.0,-0.19,-0.0,0.0
0.23,0.0,-0.2,-0.0,0.0
0.22,0.0,0.4,1651036.826,1651036.826
0.22,0.0,0.39,1651034.739,1651034.739
0.22,0.0,0.38,1651031.667,1651031.667
0.22,0.0,0.37,1651027.147,1651027.147
0.22,0.0,0.36,1651020.496,1651020.496
0.22,0.0,0.35,1651010.709,1651010.709
0.22,0.0,0.34,1650996.308,1650996.308
0.22,0.0,0.33,1650975.119,1650975.119
0.22,0.0,0.32,1650943.942,1650943.942
0.22,0.0,0.31,1650898.071,1650898.071
0.22,0.0,0.3,1650830.587,1650830.587
0.22,0.0,0.29,1650731.316,1650731.316
0.22,0.0,0.28,1650585.308,1650585.308
0.22,0.0,0.27,1650370.609,1650370.609
0.22,0.0,0.26,1650055.008,1650055.008
0.22,0.0,0.25,1649591.313,1649591.313
0.22,0.0,0.24,1648910.521,1648910.521
0.22,0.0,0.23,1647912.05,1647912.05
0.22,0.0,0.22,1646449.92,1646449.92
0.22,0.0,0.21,1644311.418,1644311.418
0.22,0.0,0.2,1641197.233,1641197.233
0.22,0.0,0.19,1636682.136,1636682.136
0.22,0.0,0.18,1630176.413,1630176.413
0.22,0.0,0.17,1620882.696,1620882.696
0.22,0.0,0.16,1607758.237,1607758.237
0.22,0.0,0.15,1589497.203,1589497.203
0.22,0.0,0.14,1564549.56,1564549.56
0.22,0.0,0.13,1531186.371,1531186.371
0.22,0.0,0.12,1487603.566,1487603.566
0.22,0.0,0.11,1432040.55,1432040.55
0.22,0.0,0.1,1362841.252,1362841.252
0.22,0.0,0.09,1278527.893,1278527.893
0.22,0.0,0.08,1177686.613,1177686.613
0.22,0.0,0.07,1058795.577,1058795.577
0.22,0.0,0.06,919946.187,919946.187
0.22,0.0,0.05,759052.775,759052.775
0.22,0.0,0.04,576381.545,576381.545
0.22,0.0,0.03,381345.055,381345.055
0.22,0.0,0.02,199587.925,199587.925
0.22,0.0,0.01,66243.28,66243.28
0.22,0.0,-0.0,-0.0,-0.0
0.22,0.0,-0.01,-14394.243,-14394.243
0.22,0.0,-0.02,-8636.06,-8636.06
0.22,0.0,-0.03,-2767.401,-2767.401
0.22,0.0,-0.04,-547.088,-547.088
0.22,0.0,-0.05,-68.931,-68.931
0.22,0.0,-0.06,-5.573,-5.573
0.22,0.0,-0.07,-0.289,-0.289
0.22,0.0,-0.08,-0.01,-0.01
0.22,0.0,-0.09,-0.0,-0.0
0.22,0.0,-0.1,-0.0,-0.0
0.22,0.0,-0.11,-0.0,-0.0
0.22,0.0,-0.12,-0.0,-0.0
0.22,0.0,-0.13,-0.0,-0.0
0.22,0.0,-0.14,-0.0,-0.0
0.22,0.0,-0.15,-0.0,0.0
0.22,0.0,-0.16,-0.0,0.0
0.22,0.0,-0.17,-0.0,0.0
0.22,0.0,-0.18,-0.0,0.0
0.22,0.0,-0.19,-0.0,0.0
0.22,0.0,-0.2,-0.0,0.0
0.21,0.0,0.4,1588479.117,1588479.117
0.21,0.0,0.39,1588477.325,1588477.325
0.21,0.0,0.38,1588474.69,1588474.69
0.21,0.0,0.37,1588470.812,1588470.812
0.21,0.0,0.36,1588465.105,1588465.105
0.21,0.0,0.35,1588456.708,1588456.708
0.21,0.0,0.34,1588444.353,1588444.353
0.21,0.0,0.33,1588426.171,1588426.171
0.21,0.0,0.32,1588399.421,1588399.421
0.21,0.0,0.31,1588360.06,1588360.06
0.21,0.0,0.3,1588302.152,1588302.152
0.21,0.0,0.29,1588216.962,1588216.962
0.21,0.0,0.28,1588091.652,1588091.652
0.21,0.0,0.27,1587907.362,1587907.362
0.21,0.0,0.26,1587636.403,1587636.403
0.21,0.0,0.25,1587238.173,1587238.173
0.21,0.0,0.24,1586653.228,1586653.228
0.21,0.0,0.23,1585794.758,1585794.758
0.21,0.0,0.22,1584536.414,1584536.414
0.21,0.0,0.21,1582694.647,1582694.647
0.21,0.0,0.2,1580005.097,1580005.097
0.21,0.0,0.19,1576095.081,1576095.081
0.21,0.0,0.18,1570439.329,1570439.329
0.21,0.0,0.17,1562316.606,1562316.606
0.21,0.0,0.16,1550764.167,1550764.167
0.21,0.0,0.15,1534544.188,1534544.188
0.21,0.0,0.14,1512139.427,1512139.427
0.21,0.0,0.13,1481794.6,1481794.6
0.21,0.0,0.12,1441608.579,1441608.579
0.21,0.0,0.11,1389633.714,1389633.714
0.21,0.0,0.1,1324013.654,1324013.654
0.21,0.0,0.09,1242974.587,1242974.587
0.21,0.0,0.08,1144752.277,1144752.277
0.21,0.0,0.07,1027356.893,1027356.893
0.21,0.0,0.06,888388.716,888388.716
0.21,0.0,0.05,725782.355,725782.355
0.21,0.0,0.04,541429.149,541429.149
0.21,0.0,0.03,348433.916,348433.916
0.21,0.0,0.02,175538.815,175538.815
0.21,0.0,0.01,55577.901,55577.901
0.21,0.0,-0.0,-0.0,-0.0
0.21,0.0,-0.01,-10799.545,-10799.545
0.21,0.0,-0.02,-6101.228,-6101.228
0.21,0.0,-0.03,-1839.417,-1839.417
0.21,0.0,-0.04,-342.093,-342.093
0.21,0.0,-0.05,-40.565,-40.565
0.21,0.0,-0.06,-3.088,-3.088
0.21,0.0,-0.07,-0.151,-0.151
0.21,0.0,-0.08,-0.005,-0.005
0.21,0.0,-0.09,-0.0,-0.0
0.21,0.0,-0.1,-0.0,-0.0
0.21,0.0,-0.11,-0.0,-0.0
0.21,0.0,-0.12,-0.0,-0.0
0.21,0.0,-0.13,-0.0,-0.0
0.21,0.0,-0.14,-0.0,-0.0
0.21,0.0,-0.15,-0.0,0.0
0.21,0.0,-0.16,-0.0,0.0
0.21,0.0,-0.17,-0.0,0.0
0.21,0.0,-0.18,-0.0,0.0
0.21,0.0,-0.19,-0.0,0.0
0.21,0.0,-0.2,-0.0,0.0
0.2,0.0,0.4,1520254.319,1520254.319
0.2,0.0,0.39,1520252.782,1520252.782
0.2,0.0,0.38,1520250.521,1520250.521
0.2,0.0,0.37,1520247.193,1520247.193
0.2,0.0,0.36,1520242.296,1520242.296
0.2,0.0,0.35,1520235.09,1520235.09
0.2,0.0,0.34,1520224.487,1520224.487
0.2,0.0,0.33,1520208.885,1520208.885
0.2,0.0,0.32,1520185.927,1520185.927
0.2,0.0,0.31,1520152.148,1520152.148
0.2,0.0,0.3,1520102.45,1520102.45
0.2,0.0,0.29,1520029.333,1520029.333
0.2,0.0,0.28,1519921.775,1519921.775
0.2,0.0,0.27,1519763.572,1519763.572
0.2,0.0,0.26,1519530.929,1519530.929
0.2,0.0,0.25,1519188.923,1519188.923
0.2,0.0,0.24,1518686.386,1518686.386
0.2,0.0,0.23,1517948.459,1517948.459
0.2,0.0,0.22,1516865.95,1516865.95
0.2,0.0,0.21,1515280.246,1515280.246
0.2,0.0,0.2,1512960.733,1512960.733
0.2,0.0,0.19,1509579.613,1509579.613
0.2,0.0,0.18,1504673.228,1504673.228
0.2,0.0,0.17,1497594.922,1497594.922
0.2,0.0,0.16,1487462.063,1487462.063
0.2,0.0,0.15,1473126.318,1473126.318
0.2,0.0,0.14,1453122.784,1453122.784
0.2,0.0,0.13,1425698.866,1425698.866
0.2,0.0,0.12,1388873.147,1388873.147
0.2,0.0,0.11,1340536.704,1340536.704
0.2,0.0,0.1,1278553.042,1278553.042
0.2,0.0,0.09,1200787.44,1200787.44
0.2,0.0,0.08,1105006.1,1105006.1
0.2,0.0,0.07,988677.247,988677.247
0.2,0.0,0.06,849038.467,849038.467
0.2,0.0,0.05,684602.776,684602.776
0.2,0.0,0.04,499753.058,499753.058
0.2,0.0,0.03,311564.208,311564.208
0.2,0.0,0.02,150571.449,150571.449
0.2,0.0,0.01,45362.143,45362.143
0.2,0.0,-0.0,-0.0,-0.0
0.2,0.0,-0.01,-7865.366,-7865.366
0.2,0.0,-0.02,-4183.413,-4183.413
0.2,0.0,-0.03,-1186.766,-1186.766
0.2,0.0,-0.04,-207.714,-207.714
0.2,0.0,-0.05,-23.192,-23.192
0.2,0.0,-0.06,-1.664,-1.664
0.2,0.0,-0.07,-0.077,-0.077
0.2,0.0,-0.08,-0.002,-0.002
0.2,0.0,-0.09,-0.0,-0.0
0.2,0.0,-0.1,-0.0,-0.0
0.2,0.0,-0.11,-0.0,-0.0
0.2,0.0,-0.12,-0.0,-0.0
0.2,0.0,-0.13,-0.0,-0.0
0.2,0.0,-0.14,-0.0,-0.0
0.2,0.0,-0.15,-0.0,0.0
0.2,0.0,-0.16,-0.0,0.0
0.2,0.0,-0.17,-0.0,0.0
0.2,0.0,-0.18,-0.0,0.0
0.2,0.0,-0.19,-0.0,0.0
0.2,0.0,-0.2,-0.0,0.0
0.19,0.0,0.4,1445684.264,1445684.264
0.19,0.0,0.39,1445682.941,1445682.941
0.19,0.0,0.38,1445680.997,1445680.997
0.19,0.0,0.37,1445678.133,1445678.133
0.19,0.0,0.36,1445673.921,1445673.921
0.19,0.0,0.35,1445667.721,1445667.721
0.19,0.0,0.34,1445658.6,1445658.6
0.19,0.0,0.33,1445645.179,1445645.179
0.19,0.0,0.32,1445625.429,1445625.429
0.19,0.0,0.31,1445596.37,1445596.37
0.19,0.0,0.3,1445553.612,1445553.612
0.19,0.0,0.29,1445490.705,1445490.705
0.19,0.0,0.28,1445398.159,1445398.159
0.19,0.0,0.27,1445262.025,1445262.025
0.19,0.0,0.26,1445061.808,1445061.808
0.19,0.0,0.25,1444767.412,1444767.412
0.19,0.0,0.24,1444334.699,1444334.699
0.19,0.0,0.23,1443699.018,1443699.018
0.19,0.0,0.22,1442765.893,1442765.893
0.19,0.0,0.21,1441397.72,1441397.72
0.19,0.0,0.2,1439395.009,1439395.009
0.19,0.0,0.19,1436467.811,1436467.811
0.19,0.0,0.18,1432208.475,1432208.475
0.19,0.0,0.17,1426040.092,1426040.092
0.19,0.0,0.16,1417166.153,1417166.153
0.19,0.0,0.15,1404515.901,1404515.901
0.19,0.0,0.14,1386698.987,1386698.987
0.19,0.0,0.13,1361987.429,1361987.429
0.19,0.0,0.12,1328341.283,1328341.283
0.19,0.0,0.11,1283477.858,1283477.858
0.19,0.0,0.1,1224951.768,1224951.768
0.19,0.0,0.09,1150182.705,1150182.705
0.19,0.0,0.08,1056387.684,1056387.684
0.19,0.0,0.07,940523.358,940523.358
0.19,0.0,0.06,799824.466,799824.466
0.19,0.0,0.05,634140.27,634140.27
0.19,0.0,0.04,451094.582,451094.582
0.19,0.0,0.03,271379.202,271379.202
0.19,0.0,0.02,125425.847,125425.847
0.19,0.0,0.01,35884.398,35884.398
0.19,0.0,-0.0,-0.0,-0.0
0.19,0.0,-0.01,-5544.0,-5544.0
0.19,0.0,-0.02,-2776.423,-2776.423
0.19,0.0,-0.03,-741.427,-741.427
0.19,0.0,-0.04,-122.198,-122.198
0.19,0.0,-0.05,-12.856,-12.856
0.19,0.0,-0.06,-0.87,-0.87
0.19,0.0,-0.07,-0.038,-0.038
0.19,0.0,-0.08,-0.001,-0.001
0.19,0.0,-0.09,-0.0,-0.0
0.19,0.0,-0.1,-0.0,-0.0
0.19,0.0,-0.11,-0.0,-0.0
0.19,0.0,-0.12,-0.0,-0.0
0.19,0.0,-0.13,-0.0,-0.0
0.19,0.0,-0.14,-0.0,0.0
0.19,0.0,-0.15,-0.0,0.0
0.19,0.0,-0.16,-0.0,0.0
0.19,0.0,-0.17,-0.0,0.0
0.19,0.0,-0.18,-0.0,0.0
0.19,0.0,-0.19,-0.0,0.0
0.19,0.0,-0.2,-0.0,0.0
0.18,0.0,0.4,1363468.493,1363468.493
0.18,0.0,0.39,1363467.346,1363467.346
0.18,0.0,0.38,1363465.659,1363465.659
0.18,0.0,0.37,1363463.176,1363463.176
0.18,0.0,0.36,1363459.522,1363459.522
0.18,0.0,0.35,1363454.145,1363454.145
0.18,0.0,0.34,1363446.235,1363446.235
0.18,0.0,0.33,1363434.593,1363434.593
0.18,0.0,0.32,1363417.463,1363417.463
0.18,0.0,0.31,1363392.258,1363392.258
0.18,0.0,0.3,1363355.172,1363355.172
0.18,0.0,0.29,1363300.605,1363300.605
0.18,0.0,0.28,1363220.325,1363220.325
0.18,0.0,0.27,1363102.224,1363102.224
0.18,0.0,0.26,1362928.509,1362928.509
0.18,0.0,0.25,1362673.038,1362673.038
0.18,0.0,0.24,1362297.44,1362297.44
0.18,0.0,0.23,1361745.461,1361745.461
0.18,0.0,0.22,1360934.763,1360934.763
0.18,0.0,0.21,1359745.142,1359745.142
0.18,0.0,0.2,1358001.755,1358001.755
0.18,0.0,0.19,1355450.854,1355450.854
0.18,0.0,0.18,1351727.494,1351727.494
0.18,0.0,0.17,1346317.556,1346317.556
0.18,0.0,0.16,1338498.151,1338498.151
0.18,0.0,0.15,1327278.91,1327278.91
0.18,0.0,0.14,1311340.449,1311340.449
0.18,0.0,0.13,1288986.86,1288986.86
0.18,0.0,0.12,1258129.432,1258129.432
0.18,0.0,0.11,1216310.315,1216310.315
0.18,0.0,0.1,1160752.414,1160752.414
0.18,0.0,0.09,1088395.069,1088395.069
0.18,0.0,0.08,995927.564,995927.564
0.18,0.0,0.07,880035.216,880035.216
0.18,0.0,0.06,738526.646,738526.646
0.18,0.0,0.05,573403.641,573403.641
0.18,0.0,0.04,395840.487,395840.487
0.18,0.0,0.03,228995.377,228995.377
0.18,0.0,0.02,100966.055,100966.055
0.18,0.0,0.01,27393.418,27393.418
0.18,0.0,-0.0,-0.0,-0.0
0.18,0.0,-0.01,-3769.23,-3769.23
0.18,0.0,-0.02,-1778.153,-1778.153
0.18,0.0,-0.03,-447.311,-447.311
0.18,0.0,-0.04,-69.481,-69.481
0.18,0.0,-0.05,-6.894,-6.894
0.18,0.0,-0.06,-0.44,-0.44
0.18,0.0,-0.07,-0.018,-0.018
0.18,0.0,-0.08,-0.0,-0.0
0.18,0.0,-0.09,-0.0,-0.0
0.18,0.0,-0.1,-0.0,-0.0
0.18,0.0,-0.11,-0.0,-0.0
0.18,0.0,-0.12,-0.0,-0.0
0.18,0.0,-0.13,-0.0,-0.0
0.18,0.0,-0.14,-0.0,0.0
0.18,0.0,-0.15,-0.0,0.0
0.18,0.0,-0.16,-0.0,0.0
0.18,0.0,-0.17,-0.0,0.0
0.18,0.0,-0.18,-0.0,0.0
0.18,0.0,-0.19,-0.0,0.0
0.18,0.0,-0.2,-0.0,0.0
0.17,0.0,0.4,1270760.74,1270760.74
0.17,0.0,0.39,1270759.727,1270759.727
0.17,0.0,0.38,1270758.236,1270758.236
0.17,0.0,0.37,1270756.043,1270756.043
0.17,0.0,0.36,1270752.815,1270752.815
0.17,0.0,0.35,1270748.067,1270748.067
0.17,0.0,0.34,1270741.078,1270741.078
0.17,0.0,0.33,1270730.796,1270730.796
0.17,0.0,0.32,1270715.664,1270715.664
0.17,0.0,0.31,1270693.398,1270693.398
0.17,0.0,0.3,1270660.638,1270660.638
0.17,0.0,0.29,1270612.434,1270612.434
0.17,0.0,0.28,1270541.511,1270541.511
0.17,0.0,0.27,1270437.171,1270437.171
0.17,0.0,0.26,1270283.678,1270283.678
0.17,0.0,0.25,1270057.914,1270057.914
0.17,0.0,0.24,1269725.922,1269725.922
0.17,0.0,0.23,1269237.872,1269237.872
0.17,0.0,0.22,1268520.736,1268520.736
0.17,0.0,0.21,1267467.686,1267467.686
0.17,0.0,0.2,1265922.922,1265922.922
0.17,0.0,0.19,1263660.088,1263660.088
0.17,0.0,0.18,1260350.104,1260350.104
0.17,0.0,0.17,1255525.088,1255525.088
0.17,0.0,0.16,1248522.689,1248522.689
0.17,0.0,0.15,1238418.081,1238418.081
0.17,0.0,0.14,1223951.001,1223951.001
0.17,0.0,0.13,1203454.389,1203454.389
0.17,0.0,0.12,1174790.382,1174790.382
0.17,0.0,0.11,1135341.072,1135341.072
0.17,0.0,0.1,1082023.754,1082023.754
0.17,0.0,0.09,1011373.969,1011373.969
0.17,0.0,0.08,919763.206,919763.206
0.17,0.0,0.07,804053.742,804053.742
0.17,0.0,0.06,663334.267,663334.267
0.17,0.0,0.05,502317.45,502317.45
0.17,0.0,0.04,335293.608,335293.608
0.17,0.0,0.03,186002.408,186002.408
0.17,0.0,0.02,78102.614,78102.614
0.17,0.0,0.01,20080.935,20080.935
0.17,0.0,-0.0,-0.0,-0.0
0.17,0.0,-0.01,-2462.424,-2462.424
0.17,0.0,-0.02,-1095.255,-1095.255
0.17,0.0,-0.03,-251.229,-251.229
0.17,0.0,-0.04,-38.079,-38.079
0.17,0.0,-0.05,-3.567,-3.567
0.17,0.0,-0.06,-0.215,-0.215
0.17,0.0,-0.07,-0.008,-0.008
0.17,0.0,-0.08,-0.0,-0.0
0.17,0.0,-0.09,-0.0,-0.0
0.17,0.0,-0.1,-0.0,-0.0
0.17,0.0,-0.11,-0.0,-0.0
0.17,0.0,-0.12,-0.0,-0.0
0.17,0.0,-0.13,-0.0,-0.0
0.17,0.0,-0.14,-0.0,0.0
0.17,0.0,-0.15,-0.0,0.0
0.17,0.0,-0.16,-0.0,0.0
0.17,0.0,-0.17,-0.0,0.0
0.17,0.0,-0.18,-0.0,0.0
0.17,0.0,-0.19,-0.0,0.0
0.17,0.0,-0.2,-0.0,0.0
0.16,0.0,0.4,1161994.251,1161994.251
0.16,0.0,0.39,1161993.331,1161993.331
0.16,0.0,0.38,1161991.977,1161991.977
0.16,0.0,0.37,1161989.986,1161989.986
0.16,0.0,0.36,1161987.053,1161987.053
0.16,0.0,0.35,1161982.74,1161982.74
0.16,0.0,0.34,1161976.391,1161976.391
0.16,0.0,0.33,1161967.049,1161967.049
0.16,0.0,0.32,1161953.303,1161953.303
0.16,0.0,0.31,1161933.075,1161933.075
0.16,0.0,0.3,1161903.312,1161903.312
0.16,0.0,0.29,1161859.519,1161859.519
0.16,0.0,0.28,1161795.084,1161795.084
0.16,0.0,0.27,1161700.275,1161700.275
0.16,0.0,0.26,1161560.804,1161560.804
0.16,0.0,0.25,1161355.64,1161355.64
0.16,0.0,0.24,1161053.89,1161053.89
0.16,0.0,0.23,1160610.188,1160610.188
0.16,0.0,0.22,1159957.98,1159957.98
0.16,0.0,0.21,1158999.775,1158999.775
0.16,0.0,0.2,1157593.052,1157593.052
0.16,0.0,0.19,1155530.106,1155530.106
0.16,0.0,0.18,1152509.608,1152509.608
0.16,0.0,0.17,1148092.884,1148092.884
0.16,0.0,0.16,1141662.501,1141662.501
0.16,0.0,0.15,1132232.914,1132232.914
0.16,0.0,0.14,1118914.744,1118914.744
0.16,0.0,0.13,1099735.536,1099735.536
0.16,0.0,0.12,1072643.745,1072643.745
0.16,0.0,0.11,1034914.439,1034914.439
0.16,0.0,0.1,983282.129,983282.129
0.16,0.0,0.09,914108.414,914108.414
0.16,0.0,0.08,823844.422,823844.422
0.16,0.0,0.07,710107.965,710107.965
0.16,0.0,0.06,573819.435,573819.435
0.16,0.0,0.05,422357.138,422357.138
0.16,0.0,0.04,271842.256,271842.256
0.16,0.0,0.03,144355.218,144355.218
0.16,0.0,0.02,57685.326,57685.326
0.16,0.0,0.01,14057.175,14057.175
0.16,0.0,-0.0,-0.0,-0.0
0.16,0.0,-0.01,-1539.159,-1539.159
0.16,0.0,-0.02,-646.362,-646.362
0.16,0.0,-0.03,-144.807,-144.807
0.16,0.0,-0.04,-20.054,-20.054
0.16,0.0,-0.05,-1.776,-1.776
0.16,0.0,-0.06,-0.101,-0.101
0.16,0.0,-0.07,-0.004,-0.004
0.16,0.0,-0.08,-0.0,-0.0
0.16,0.0,-0.09,-0.0,-0.0
0.16,0.0,-0.1,-0.0,-0.0
0.16,0.0,-0.11,-0.0,-0.0
0.16,0.0,-0.12,-0.0,-0.0
0.16,0.0,-0.13,-0.0,-0.0
0.16,0.0,-0.14,-0.0,0.0
0.16,0.0,-0.15,-0.0,0.0
0.16,0.0,-0.16,-0.0,0.0
0.16,0.0,-0.17,-0.0,0.0
0.16,0.0,-0.18,-0.0,0.0
0.16,0.0,-0.19,-0.0,0.0
0.16,0.0,-0.2,-0.0,0.0
0.15,0.0,0.4,1028763.176,1028763.176
0.15,0.0,0.39,1028762.321,1028762.321
0.15,0.0,0.38,1028761.063,1028761.063
0.15,0.0,0.37,1028759.215,1028759.215
0.15,0.0,0.36,1028756.492,1028756.492
0.15,0.0,0.35,1028752.484,1028752.484
0.15,0.0,0.34,1028746.59,1028746.59
0.15,0.0,0.33,1028737.915,1028737.915
0.15,0.0,0.32,1028725.15,1028725.15
0.15,0.0,0.31,1028706.366,1028706.366
0.15,0.0,0.3,1028678.73,1028678.73
0.15,0.0,0.29,1028638.06,1028638.06
0.15,0.0,0.28,1028578.223,1028578.223
0.15,0.0,0.27,1028490.181,1028490.181
0.15,0.0,0.26,1028360.648,1028360.648
0.15,0.0,0.25,1028170.094,1028170.094
0.15,0.0,0.24,1027889.803,1027889.803
0.15,0.0,0.23,1027477.593,1027477.593
0.15,0.0,0.22,1026871.549,1026871.549
0.15,0.0,0.21,1025980.878,1025980.878
0.15,0.0,0.2,1024672.699,1024672.699
0.15,0.0,0.19,1022752.974,1022752.974
0.15,0.0,0.18,1019939.414,1019939.414
0.15,0.0,0.17,1015822.02,1015822.02
0.15,0.0,0.16,1009811.302,1009811.302
0.15,0.0,0.15,1001076.565,1001076.565
0.15,0.0,0.14,988449.454,988449.454
0.15,0.0,0.13,970330.566,970330.566
0.15,0.0,0.12,944596.616,944596.616
0.15,0.0,0.11,908549.072,908549.072
0.15,0.0,0.1,858971.561,858971.561
0.15,0.0,0.09,792411.475,792411.475
0.15,0.0,0.08,705873.994,705873.994
0.15,0.0,0.07,598186.443,598186.443
0.15,0.0,0.06,472173.868,472173.868
0.15,0.0,0.05,337051.546,337051.546
0.15,0.0,0.04,208910.168,208910.168
0.15,0.0,0.03,106137.46,106137.46
0.15,0.0,0.02,40382.29,40382.29
0.15,0.0,0.01,9337.69,9337.69
0.15,0.0,-0.0,-0.0,-0.0
0.15,0.0,-0.01,-916.069,-916.069
0.15,0.0,-0.02,-363.912,-363.912
0.15,0.0,-0.03,-77.144,-77.144
0.15,0.0,-0.04,-10.114,-10.114
0.15,0.0,-0.05,-0.849,-0.849
0.15,0.0,-0.06,-0.046,-0.046
0.15,0.0,-0.07,-0.002,-0.002
0.15,0.0,-0.08,-0.0,-0.0
0.15,0.0,-0.09,-0.0,-0.0
0.15,0.0,-0.1,-0.0,-0.0
0.15,0.0,-0.11,-0.0,-0.0
0.15,0.0,-0.12,-0.0,-0.0
0.15,0.0,-0.13,-0.0,-0.0
0.15,0.0,-0.14,-0.0,0.0
0.15,0.0,-0.15,-0.0,0.0
0.15,0.0,-0.16,-0.0,0.0
0.15,0.0,-0.17,-0.0,0.0
0.15,0.0,-0.18,-0.0,0.0
0.15,0.0,-0.19,-0.0,0.0
0.15,0.0,-0.2,-0.0,0.0
0.14,0.0,0.4,863675.064,863675.064
0.14,0.0,0.39,863674.281,863674.281
0.14,0.0,0.38,863673.129,863673.129
0.14,0.0,0.37,863671.436,863671.436
0.14,0.0,0.36,863668.942,863668.942
0.14,0.0,0.35,863665.271,863665.271
0.14,0.0,0.34,863659.872,863659.872
0.14,0.0,0.33,863651.923,863651.923
0.14,0.0,0.32,863640.232,863640.232
0.14,0.0,0.31,863623.023,863623.023
0.14,0.0,0.3,863597.706,863597.706
0.14,0.0,0.29,863560.449,863560.449
0.14,0.0,0.28,863505.634,863505.634
0.14,0.0,0.27,863424.978,863424.978
0.14,0.0,0.26,863306.315,863306.315
0.14,0.0,0.25,863131.742,863131.742
0.14,0.0,0.24,862874.948,862874.948
0.14,0.0,0.23,862497.28,862497.28
0.14,0.0,0.22,861941.979,861941.979
0.14,0.0,0.21,861125.799,861125.799
0.14,0.0,0.2,859926.829,859926.829
0.14,0.0,0.19,858166.999,858166.999
0.14,0.0,0.18,855586.967,855586.967
0.14,0.0,0.17,851811.032,851811.032
0.14,0.0,0.16,846294.466,846294.466
0.14,0.0,0.15,838269.196,838269.196
0.14,0.0,0.14,826657.84,826657.84
0.14,0.0,0.13,809980.226,809980.226
0.14,0.0,0.12,786274.477,786274.477
0.14,0.0,0.11,753068.063,753068.063
0.14,0.0,0.1,707484.458,707484.458
0.14,0.0,0.09,646619.519,646619.519
0.14,0.0,0.08,568365.004,568365.004
0.14,0.0,0.07,472820.948,472820.948
0.14,0.0,0.06,364150.739,364150.739
0.14,0.0,0.05,251975.931,251975.931
0.14,0.0,0.04,150422.958,150422.958
0.14,0.0,0.03,73216.975,73216.975
0.14,0.0,0.02,26572.046,26572.046
0.14,0.0,0.01,5843.717,5843.717
0.14,0.0,-0.0,-0.0,-0.0
0.14,0.0,-0.01,-516.327,-516.327
0.14,0.0,-0.02,-194.532,-194.532
0.14,0.0,-0.03,-39.118,-39.118
0.14,0.0,-0.04,-4.867,-4.867
0.14,0.0,-0.05,-0.388,-0.388
0.14,0.0,-0.06,-0.02,-0.02
0.14,0.0,-0.07,-0.001,-0.001
0.14,0.0,-0.08,-0.0,-0.0
0.14,0.0,-0.09,-0.0,-0.0
0.14,0.0,-0.1,-0.0,-0.0
0.14,0.0,-0.11,-0.0,-0.0
0.14,0.0,-0.12,-0.0,-0.0
0.14,0.0,-0.13,-0.0,-0.0
0.14,0.0,-0.14,-0.0,0.0
0.14,0.0,-0.15,-0.0,0.0
0.14,0.0,-0.16,-0.0,0.0
0.14,0.0,-0.17,-0.0,0.0
0.14,0.0,-0.18,-0.0,0.0
0.14,0.0,-0.19,-0.0,0.0
0.14,0.0,-0.2,-0.0,0.0
0.13,0.0,0.4,669019.378,669019.378
0.13,0.0,0.39,669018.71,669018.71
0.13,0.0,0.38,669017.726,669017.726
0.13,0.0,0.37,669016.278,669016.278
0.13,0.0,0.36,669014.151,669014.151
0.13,0.0,0.35,669011.016,669011.016
0.13,0.0,0.34,669006.402,669006.402
0.13,0.0,0.33,668999.617,668999.617
0.13,0.0,0.32,668989.631,668989.631
0.13,0.0,0.31,668974.936,668974.936
0.13,0.0,0.3,668953.314,668953.314
0.13,0.0,0.29,668921.5,668921.5
0.13,0.0,0.28,668874.686,668874.686
0.13,0.0,0.27,668805.807,668805.807
0.13,0.0,0.26,668704.47,668704.47
0.13,0.0,0.25,668555.387,668555.387
0.13,0.0,0.24,668336.095,668336.095
0.13,0.0,0.23,668013.577,668013.577
0.13,0.0,0.22,667539.377,667539.377
0.13,0.0,0.21,666842.415,666842.415
0.13,0.0,0.2,665818.622,665818.622
0.13,0.0,0.19,664315.985,664315.985
0.13,0.0,0.18,662113.197,662113.197
0.13,0.0,0.17,658889.77,658889.77
0.13,0.0,0.16,654185.068,654185.068
0.13,0.0,0.15,647336.807,647336.807
0.13,0.0,0.14,637435.723,637435.723
0.13,0.0,0.13,623230.84,623230.84
0.13,0.0,0.12,603077.878,603077.878
0.13,0.0,0.11,574938.585,574938.585
0.13,0.0,0.1,536519.892,536519.892
0.13,0.0,0.09,485676.497,485676.497
0.13,0.0,0.08,421210.299,421210.299
0.13,0.0,0.07,344095.341,344095.341
0.13,0.0,0.06,258839.284,258839.284
0.13,0.0,0.05,173884.869,173884.869
0.13,0.0,0.04,100224.689,100224.689
0.13,0.0,0.03,46871.042,46871.042
0.13,0.0,0.02,16280.859,16280.859
0.13,0.0,0.01,3417.559,3417.559
0.13,0.0,-0.0,-0.0,-0.0
0.13,0.0,-0.01,-273.902,-273.902
0.13,0.0,-0.02,-98.199,-98.199
0.13,0.0,-0.03,-18.79,-18.79
0.13,0.0,-0.04,-2.225,-2.225
0.13,0.0,-0.05,-0.169,-0.169
0.13,0.0,-0.06,-0.008,-0.008
0.13,0.0,-0.07,-0.0,-0.0
0.13,0.0,-0.08,-0.0,-0.0
0.13,0.0,-0.09,-0.0,-0.0
0.13,0.0,-0.1,-0.0,-0.0
0.13,0.0,-0.11,-0.0,-0.0
0.13,0.0,-0.12,-0.0,-0.0
0.13,0.0,-0.13,-0.0,0.0
0.13,0.0,-0.14,-0.0,0.0
0.13,0.0,-0.15,-0.0,0.0
0.13,0.0,-0.16,-0.0,0.0
0.13,0.0,-0.17,-0.0,0.0
0.13,0.0,-0.18,-0.0,0.0
0.13,0.0,-0.19,-0.0,0.0
0.13,0.0,-0.2,-0.0,0.0
0.12,0.0,0.4,463978.418,463978.418
0.12,0.0,0.39,463977.914,463977.914
0.12,0.0,0.38,463977.173,463977.173
0.12,0.0,0.37,463976.083,463976.083
0.12,0.0,0.36,463974.479,463974.479
0.12,0.0,0.35,463972.118,463972.118
0.12,0.0,0.34,463968.647,463968.647
0.12,0.0,0.33,463963.536,463963.536
0.12,0.0,0.32,463956.017,463956.017
0.12,0.0,0.31,463944.952,463944.952
0.12,0.0,0.3,463928.669,463928.669
0.12,0.0,0.29,463904.715,463904.715
0.12,0.0,0.28,463869.464,463869.464
0.12,0.0,0.27,463817.6,463817.6
0.12,0.0,0.26,463741.295,463741.295
0.12,0.0,0.25,463629.039,463629.039
0.12,0.0,0.24,463463.919,463463.919
0.12,0.0,0.23,463221.085,463221.085
0.12,0.0,0.22,462864.054,462864.054
0.12,0.0,0.21,462339.335,462339.335
0.12,0.0,0.2,461568.623,461568.623
0.12,0.0,0.19,460437.582,460437.582
0.12,0.0,0.18,458779.851,458779.851
0.12,0.0,0.17,456354.701,456354.701
0.12,0.0,0.16,452816.58,452816.58
0.12,0.0,0.15,447672.96,447672.96
0.12,0.0,0.14,440237.983,440237.983
0.12,0.0,0.13,429588.43,429588.43
0.12,0.0,0.12,414515.279,414515.279
0.12,0.0,0.11,393544.368,393544.368
0.12,0.0,0.1,365069.67,365069.67
0.12,0.0,0.09,327698.546,327698.546
0.12,0.0,0.08,280919.46,280919.46
0.12,0.0,0.07,225870.76,225870.76
0.12,0.0,0.06,166434.644,166434.644
0.12,0.0,0.05,108987.293,108987.293
0.12,0.0,0.04,60921.741,60921.741
0.12,0.0,0.03,27506.656,27506.656
0.12,0.0,0.02,9190.781,9190.781
0.12,0.0,0.01,1850.702,1850.702
0.12,0.0,-0.0,-0.0,-0.0
0.12,0.0,-0.01,-135.804,-135.804
0.12,0.0,-0.02,-46.526,-46.526
0.12,0.0,-0.03,-8.503,-8.503
0.12,0.0,-0.04,-0.962,-0.962
0.12,0.0,-0.05,-0.07,-0.07
0.12,0.0,-0.06,-0.003,-0.003
0.12,0.0,-0.07,-0.0,-0.0
0.12,0.0,-0.08,-0.0,-0.0
0.12,0.0,-0.09,-0.0,-0.0
0.12,0.0,-0.1,-0.0,-0.0
0.12,0.0,-0.11,-0.0,-0.0
0.12,0.0,-0.12,-0.0,-0.0
0.12,0.0,-0.13,-0.0,0.0
0.12,0.0,-0.14,-0.0,0.0
0.12,0.0,-0.15,-0.0,0.0
0.12,0.0,-0.16,-0.0,0.0
0.12,0.0,-0.17,-0.0,0.0
0.12,0.0,-0.18,-0.0,0.0
0.12,0.0,-0.19,-0.0,0.0
0.12,0.0,-0.2,-0.0,0.0
0.11,0.0,0.4,279944.461,279944.461
0.11,0.0,0.39,279944.14,279944.14
0.11,0.0,0.38,279943.668,279943.668
0.11,0.0,0.37,279942.974,279942.974
0.11,0.0,0.36,279941.953,279941.953
0.11,0.0,0.35,279940.449,279940.449
0.11,0.0,0.34,279938.238,279938.238
0.11,0.0,0.33,279934.985,279934.985
0.11,0.0,0.32,279930.196,279930.196
0.11,0.0,0.31,279923.151,279923.151
0.11,0.0,0.3,279912.783,279912.783
0.11,0.0,0.29,279897.53,279897.53
0.11,0.0,0.28,279875.083,279875.083
0.11,0.0,0.27,279842.06,279842.06
0.11,0.0,0.26,279793.475,279793.475
0.11,0.0,0.25,279721.999,279721.999
0.11,0.0,0.24,279616.864,279616.864
0.11,0.0,0.23,279462.247,279462.247
0.11,0.0,0.22,279234.928,279234.928
0.11,0.0,0.21,278900.856,278900.856
0.11,0.0,0.2,278410.198,278410.198
0.11,0.0,0.19,277679.928,277679.928
0.11,0.0,0.18,276624.842,276624.842
0.11,0.0,0.17,275081.602,275081.602
0.11,0.0,0.16,272830.727,272830.727
0.11,0.0,0.15,269561.292,269561.292
0.11,0.0,0.14,264836.97,264836.97
0.11,0.0,0.13,258074.901,258074.901
0.11,0.0,0.12,248518.944,248518.944
0.11,0.0,0.11,235254.684,235254.684
0.11,0.0,0.1,217307.479,217307.479
0.11,0.0,0.09,193878.819,193878.819
0.11,0.0,0.08,164769.96,164769.96
0.11,0.0,0.07,130947.435,130947.435
0.11,0.0,0.06,94997.842,94997.842
0.11,0.0,0.05,60983.843,60983.843
0.11,0.0,0.04,33270.669,33270.669
0.11,0.0,0.03,14600.344,14600.344
0.11,0.0,0.02,4724.223,4724.223
0.11,0.0,0.01,918.501,918.501
0.11,0.0,-0.0,-0.0,-0.0
0.11,0.0,-0.01,-62.441,-62.441
0.11,0.0,-0.02,-20.547,-20.547
0.11,0.0,-0.03,-3.604,-3.604
0.11,0.0,-0.04,-0.391,-0.391
0.11,0.0,-0.05,-0.027,-0.027
0.11,0.0,-0.06,-0.001,-0.001
0.11,0.0,-0.07,-0.0,-0.0
0.11,0.0,-0.08,-0.0,-0.0
0.11,0.0,-0.09,-0.0,-0.0
0.11,0.0,-0.1,-0.0,-0.0
0.11,0.0,-0.11,-0.0,-0.0
0.11,0.0,-0.12,-0.0,-0.0
0.11,0.0,-0.13,-0.0,0.0
0.11,0.0,-0.14,-0.0,0.0
0.11,0.0,-0.15,-0.0,0.0
0.11,0.0,-0.16,-0.0,0.0
0.11,0.0,-0.17,-0.0,0.0
0.11,0.0,-0.18,-0.0,0.0
0.11,0.0,-0.19,-0.0,0.0
0.11,0.0,-0.2,-0.0,0.0
0.1,0.0,0.4,143359.962,143359.962
0.1,0.0,0.39,143359.794,143359.794
0.1,0.0,0.38,143359.548,143359.548
0.1,0.0,0.37,143359.185,143359.185
0.1,0.0,0.36,143358.65,143358.65
0.1,0.0,0.35,143357.863,143357.863
0.1,0.0,0.34,143356.704,143356.704
0.1,0.0,0.33,143355.0,143355.0
0.1,0.0,0.32,143352.493,143352.493
0.1,0.0,0.31,143348.802,143348.802
0.1,0.0,0.3,143343.373,143343.373
0.1,0.0,0.29,143335.385,143335.385
0.1,0.0,0.28,143323.63,143323.63
0.1,0.0,0.27,143306.333,143306.333
0.1,0.0,0.26,143280.889,143280.889
0.1,0.0,0.25,143243.456,143243.456
0.1,0.0,0.24,143188.394,143188.394
0.1,0.0,0.23,143107.421,143107.421
0.1,0.0,0.22,142988.37,142988.37
0.1,0.0,0.21,142813.412,142813.412
0.1,0.0,0.2,142556.446,142556.446
0.1,0.0,0.19,142179.374,142179.374
0.1,0.0,0.18,141626.778,141626.778
0.1,0.0,0.17,140818.519,140818.519
0.1,0.0,0.16,139639.647,139639.647
0.1,0.0,0.15,137927.33,137927.33
0.1,0.0,0.14,135455.085,135455.085
0.1,0.0,0.13,131913.474,131913.474
0.1,0.0,0.12,126910.35,126910.35
0.1,0.0,0.11,119969.214,119969.214
0.1,0.0,0.1,110585.837,110585.837
0.1,0.0,0.09,98356.394,98356.394
0.1,0.0,0.08,83205.656,83205.656
0.1,0.0,0.07,65687.0,65687.0
0.1,0.0,0.06,47209.734,47209.734
0.1,0.0,0.05,29925.393,29925.393
0.1,0.0,0.04,16061.652,16061.652
0.1,0.0,0.03,6907.781,6907.781
0.1,0.0,0.02,2182.584,2182.584
0.1,0.0,0.01,413.011,413.011
0.1,0.0,-0.0,-0.0,-0.0
0.1,0.0,-0.01,-26.389,-26.389
0.1,0.0,-0.02,-8.393,-8.393
0.1,0.0,-0.03,-1.421,-1.421
0.1,0.0,-0.04,-0.149,-0.149
0.1,0.0,-0.05,-0.01,-0.01
0.1,0.0,-0.06,-0.0,-0.0
0.1,0.0,-0.07,-0.0,-0.0
0.1,0.0,-0.08,-0.0,-0.0
0.1,0.0,-0.09,-0.0,-0.0
0.1,0.0,-0.1,-0.0,-0.0
0.1,0.0,-0.11,-0.0,-0.0
0.1,0.0,-0.12,-0.0,-0.0
0.1,0.0,-0.13,-0.0,0.0
0.1,0.0,-0.14,-0.0,0.0
0.1,0.0,-0.15,-0.0,0.0
0.1,0.0,-0.16,-0.0,0.0
0.1,0.0,-0.17,-0.0,0.0
0.1,0.0,-0.18,-0.0,0.0
0.1,0.0,-0.19,-0.0,0.0
0.1,0.0,-0.2,-0.0,0.0
0.09,0.0,0.4,61104.509,61104.509
0.09,0.0,0.39,61104.438,61104.438
0.09,0.0,0.38,61104.333,61104.333
0.09,0.0,0.37,61104.179,61104.179
0.09,0.0,0.36,61103.953,61103.953
0.09,0.0,0.35,61103.619,61103.619
0.09,0.0,0.34,61103.129,61103.129
0.09,0.0,0.33,61102.407,61102.407
0.09,0.0,0.32,61101.345,61101.345
0.09,0.0,0.31,61099.783,61099.783
0.09,0.0,0.3,61097.484,61097.484
0.09,0.0,0.29,61094.101,61094.101
0.09,0.0,0.28,61089.123,61089.123
0.09,0.0,0.27,61081.8,61081.8
0.09,0.0,0.26,61071.024,61071.024
0.09,0.0,0.25,61055.173,61055.173
0.09,0.0,0.24,61031.856,61031.856
0.09,0.0,0.23,60997.566,60997.566
0.09,0.0,0.22,60947.147,60947.147
0.09,0.0,0.21,60873.051,60873.051
0.09,0.0,0.2,60764.221,60764.221
0.09,0.0,0.19,60604.509,60604.509
0.09,0.0,0.18,60370.427,60370.427
0.09,0.0,0.17,60027.987,60027.987
0.09,0.0,0.16,59528.404,59528.404
0.09,0.0,0.15,58802.503,58802.503
0.09,0.0,0.14,57753.957,57753.957
0.09,0.0,0.13,56251.574,56251.574
0.09,0.0,0.12,54125.787,54125.787
0.09,0.0,0.11,51173.111,51173.111
0.09,0.0,0.1,47175.301,47175.301
0.09,0.0,0.09,41955.134,41955.134
0.09,0.0,0.08,35475.197,35475.197
0.09,0.0,0.07,27970.154,27970.154
0.09,0.0,0.06,20049.545,20049.545
0.09,0.0,0.05,12650.077,12650.077
0.09,0.0,0.04,6739.913,6739.913
0.09,0.0,0.03,2868.245,2868.245
0.09,0.0,0.02,893.578,893.578
0.09,0.0,0.01,166.143,166.143
0.09,0.0,-0.0,-0.0,-0.0
0.09,0.0,-0.01,-10.15,-10.15
0.09,0.0,-0.02,-3.144,-3.144
0.09,0.0,-0.03,-0.517,-0.517
0.09,0.0,-0.04,-0.052,-0.052
0.09,0.0,-0.05,-0.003,-0.003
0.09,0.0,-0.06,-0.0,-0.0
0.09,0.0,-0.07,-0.0,-0.0
0.09,0.0,-0.08,-0.0,-0.0
0.09,0.0,-0.09,-0.0,-0.0
0.09,0.0,-0.1,-0.0,-0.0
0.09,0.0,-0.11,-0.0,-0.0
0.09,0.0,-0.12,-0.0,-0.0
0.09,0.0,-0.13,-0.0,0.0
0.09,0.0,-0.14,-0.0,0.0
0.09,0.0,-0.15,-0.0,0.0
0.09,0.0,-0.16,-0.0,0.0
0.09,0.0,-0.17,-0.0,0.0
0.09,0.0,-0.18,-0.0,0.0
0.09,0.0,-0.19,-0.0,0.0
0.09,0.0,-0.2,-0.0,0.0
0.08,0.0,0.4,21351.077,21351.077
0.08,0.0,0.39,21351.053,21351.053
0.08,0.0,0.38,21351.018,21351.018
0.08,0.0,0.37,21350.965,21350.965
0.08,0.0,0.36,21350.889,21350.889
0.08,0.0,0.35,21350.776,21350.776
0.08,0.0,0.34,21350.61,21350.61
0.08,0.0,0.33,21350.365,21350.365
0.08,0.0,0.32,21350.006,21350.006
0.08,0.0,0.31,21349.477,21349.477
0.08,0.0,0.3,21348.698,21348.698
0.08,0.0,0.29,21347.552,21347.552
0.08,0.0,0.28,21345.866,21345.866
0.08,0.0,0.27,21343.386,21343.386
0.08,0.0,0.26,21339.736,21339.736
0.08,0.0,0.25,21334.368,21334.368
0.08,0.0,0.24,21326.471,21326.471
0.08,0.0,0.23,21314.856,21314.856
0.08,0.0,0.22,21297.779,21297.779
0.08,0.0,0.21,21272.68,21272.68
0.08,0.0,0.2,21235.809,21235.809
0.08,0.0,0.19,21181.695,21181.695
0.08,0.0,0.18,21102.367,21102.367
0.08,0.0,0.17,20986.282,20986.282
0.08,0.0,0.16,20816.854,20816.854
0.08,0.0,0.15,20570.516,20570.516
0.08,0.0,0.14,20214.361,20214.361
0.08,0.0,0.13,19703.635,19703.635
0.08,0.0,0.12,18979.342,18979.342
0.08,0.0,0.11,17970.562,17970.562
0.08,0.0,0.1,16599.966,16599.966
0.08,0.0,0.09,14801.934,14801.934
0.08,0.0,0.08,12556.651,12556.651
0.08,0.0,0.07,9937.472,9937.472
0.08,0.0,0.06,7151.216,7151.216
0.08,0.0,0.05,4527.305,4527.305
0.08,0.0,0.04,2417.075,2417.075
0.08,0.0,0.03,1028.39,1028.39
0.08,0.0,0.02,319.346,319.346
0.08,0.0,0.01,58.972,58.972
0.08,0.0,-0.0,-0.0,-0.0
0.08,0.0,-0.01,-3.514,-3.514
0.08,0.0,-0.02,-1.069,-1.069
0.08,0.0,-0.03,-0.172,-0.172
0.08,0.0,-0.04,-0.017,-0.017
0.08,0.0,-0.05,-0.001,-0.001
0.08,0.0,-0.06,-0.0,-0.0
0.08,0.0,-0.07,-0.0,-0.0
0.08,0.0,-0.08,-0.0,-0.0
0.08,0.0,-0.09,-0.0,-0.0
0.08,0.0,-0.1,-0.0,-0.0
0.08,0.0,-0.11,-0.0,-0.0
0.08,0.0,-0.12,-0.0,0.0
0.08,0.0,-0.13,-0.0,0.0
0.08,0.0,-0.14,-0.0,0.0
0.08,0.0,-0.15,-0.0,0.0
0.08,0.0,-0.16,-0.0,0.0
0.08,0.0,-0.17,-0.0,0.0
0.08,0.0,-0.18,-0.0,0.0
0.08,0.0,-0.19,-0.0,0.0
0.08,0.0,-0.2,-0.0,0.0
0.07,0.0,0.4,6046.259,6046.259
0.07,0.0,0.39,6046.253,6046.253
0.07,0.0,0.38,6046.243,6046.243
0.07,0.0,0.37,6046.229,6046.229
0.07,0.0,0.36,6046.208,6046.208
0.07,0.0,0.35,6046.178,6046.178
0.07,0.0,0.34,6046.133,6046.133
0.07,0.0,0.33,6046.068,6046.068
0.07,0.0,0.32,6045.971,6045.971
0.07,0.0,0.31,6045.829,6045.829
0.07,0.0,0.3,6045.619,6045.619
0.07,0.0,0.29,6045.311,6045.311
0.07,0.0,0.28,6044.857,6044.857
0.07,0.0,0.27,6044.19,6044.19
0.07,0.0,0.26,6043.209,6043.209
0.07,0.0,0.25,6041.764,6041.764
0.07,0.0,0.24,6039.64,6039.64
0.07,0.0,0.23,6036.515,6036.515
0.07,0.0,0.22,6031.921,6031.921
0.07,0.0,0.21,6025.168,6025.168
0.07,0.0,0.2,6015.247,6015.247
0.07,0.0,0.19,6000.683,6000.683
0.07,0.0,0.18,5979.327,5979.327
0.07,0.0,0.17,5948.064,5948.064
0.07,0.0,0.16,5902.41,5902.41
0.07,0.0,0.15,5835.978,5835.978
0.07,0.0,0.14,5739.816,5739.816
0.07,0.0,0.13,5601.699,5601.699
0.07,0.0,0.12,5405.466,5405.466
0.07,0.0,0.11,5130.961,5130.961
0.07,0.0,0.1,4756.219,4756.219
0.07,0.0,0.09,4261.326,4261.326
0.07,0.0,0.08,3637.849,3637.849
0.07,0.0,0.07,2902.227,2902.227
0.07,0.0,0.06,2108.735,2108.735
0.07,0.0,0.05,1349.548,1349.548
0.07,0.0,0.04,728.592,728.592
0.07,0.0,0.03,313.203,313.203
0.07,0.0,0.02,98.058,98.058
0.07,0.0,0.01,18.198,18.198
0.07,0.0,-0.0,-0.0,-0.0
0.07,0.0,-0.01,-1.082,-1.082
0.07,0.0,-0.02,-0.327,-0.327
0.07,0.0,-0.03,-0.052,-0.052
0.07,0.0,-0.04,-0.005,-0.005
0.07,0.0,-0.05,-0.0,-0.0
0.07,0.0,-0.06,-0.0,-0.0
0.07,0.0,-0.07,-0.0,-0.0
0.07,0.0,-0.08,-0.0,-0.0
0.07,0.0,-0.09,-0.0,-0.0
0.07,0.0,-0.1,-0.0,-0.0
0.07,0.0,-0.11,-0.0,-0.0
0.07,0.0,-0.12,-0.0,0.0
0.07,0.0,-0.13,-0.0,0.0
0.07,0.0,-0.14,-0.0,0.0
0.07,0.0,-0.15,-0.0,0.0
0.07,0.0,-0.16,-0.0,0.0
0.07,0.0,-0.17,-0.0,0.0
0.07,0.0,-0.18,-0.0,0.0
0.07,0.0,-0.19,-0.0,0.0
0.07,0.0,-0.2,-0.0,0.0
0.06,0.0,0.4,1329.359,1329.359
0.06,0.0,0.39,1329.357,1329.357
0.06,0.0,0.38,1329.355,1329.355
0.06,0.0,0.37,1329.352,1329.352
0.06,0.0,0.36,1329.348,1329.348
0.06,0.0,0.35,1329.342,1329.342
0.06,0.0,0.34,1329.332,1329.332
0.06,0.0,0.33,1329.319,1329.319
0.06,0.0,0.32,1329.298,1329.298
0.06,0.0,0.31,1329.269,1329.269
0.06,0.0,0.3,1329.225,1329.225
0.06,0.0,0.29,1329.161,1329.161
0.06,0.0,0.28,1329.066,1329.066
0.06,0.0,0.27,1328.926,1328.926
0.06,0.0,0.26,1328.721,1328.721
0.06,0.0,0.25,1328.42,1328.42
0.06,0.0,0.24,1327.976,1327.976
0.06,0.0,0.23,1327.324,1327.324
0.06,0.0,0.22,1326.364,1326.364
0.06,0.0,0.21,1324.953,1324.953
0.06,0.0,0.2,1322.88,1322.88
0.06,0.0,0.19,1319.837,1319.837
0.06,0.0,0.18,1315.374,1315.374
0.06,0.0,0.17,1308.838,1308.838
0.06,0.0,0.16,1345.0,1345.0
0.06,0.0,0.15,1330.832,1330.832
0.06,0.0,0.14,1310.298,1310.298
0.06,0.0,0.13,1280.743,1280.743
0.06,0.0,0.12,1238.643,1238.643
0.06,0.0,0.11,1179.532,1179.532
0.06,0.0,0.1,1098.341,1098.341
0.06,0.0,0.09,990.281,990.281
0.06,0.0,0.08,852.669,852.669
0.06,0.0,0.07,687.976,687.976
0.06,0.0,0.06,507.071,507.071
0.06,0.0,0.05,330.133,330.133
0.06,0.0,0.04,181.717,181.717
0.06,0.0,0.03,79.72,79.72
0.06,0.0,0.02,25.454,25.454
0.06,0.0,0.01,4.806,4.806
0.06,0.0,-0.0,-0.0,-0.0
0.06,0.0,-0.01,-0.292,-0.292
0.06,0.0,-0.02,-0.089,-0.089
0.06,0.0,-0.03,-0.014,-0.014
0.06,0.0,-0.04,-0.001,-0.001
0.06,0.0,-0.05,-0.0,-0.0
0.06,0.0,-0.06,-0.0,-0.0
0.06,0.0,-0.07,-0.0,-0.0
0.06,0.0,-0.08,-0.0,-0.0
0.06,0.0,-0.09,-0.0,-0.0
0.06,0.0,-0.1,-0.0,-0.0
0.06,0.0,-0.11,-0.0,-0.0
0.06,0.0,-0.12,-0.0,0.0
0.06,0.0,-0.13,-0.0,0.0
0.06,0.0,-0.14,-0.0,0.0
0.06,0.0,-0.15,-0.0,0.0
0.06,0.0,-0.16,-0.0,0.0
0.06,0.0,-0.17,-0.0,0.0
0.06,0.0,-0.18,-0.0,0.0
0.06,0.0,-0.19,-0.0,0.0
0.06,0.0,-0.2,-0.0,0.0
0.05,0.0,0.4,249.787,249.787
0.05,0.0,0.39,249.786,249.786
0.05,0.0,0.38,249.786,249.786
0.05,0.0,0.37,249.785,249.785
0.05,0.0,0.36,249.785,249.785
0.05,0.0,0.35,249.784,249.784
0.05,0.0,0.34,249.782,249.782
0.05,0.0,0.33,249.78,249.78
0.05,0.0,0.32,249.776,249.776
0.05,0.0,0.31,249.771,249.771
0.05,0.0,0.3,249.764,249.764
0.05,0.0,0.29,249.753,249.753
0.05,0.0,0.28,249.737,249.737
0.05,0.0,0.27,249.713,249.713
0.05,0.0,0.26,249.678,249.678
0.05,0.0,0.25,249.626,249.626
0.05,0.0,0.24,249.551,249.551
0.05,0.0,0.23,249.439,249.439
0.05,0.0,0.22,249.276,249.276
0.05,0.0,0.21,249.035,249.035
0.05,0.0,0.2,248.681,248.681
0.05,0.0,0.19,248.161,248.161
0.05,0.0,0.18,247.399,247.399
0.05,0.0,0.17,246.282,246.282
0.05,0.0,0.16,244.649,244.649
0.05,0.0,0.15,242.268,242.268
0.05,0.0,0.14,238.812,238.812
0.05,0.0,0.13,233.828,233.828
0.05,0.0,0.12,226.707,226.707
0.05,0.0,0.11,216.673,216.673
0.05,0.0,0.1,202.799,202.799
0.05,0.0,0.09,184.176,184.176
0.05,0.0,0.08,160.181,160.181
0.05,0.0,0.07,131.003,131.003
0.05,0.0,0.06,98.276,98.276
0.05,0.0,0.05,65.412,65.412
0.05,0.0,0.04,36.961,36.961
0.05,0.0,0.03,16.697,16.697
0.05,0.0,0.02,5.496,5.496
0.05,0.0,0.01,1.069,1.069
0.05,0.0,-0.0,-0.0,-0.0
0.05,0.0,-0.01,-0.068,-0.068
0.05,0.0,-0.02,-0.021,-0.021
0.05,0.0,-0.03,-0.003,-0.003
0.05,0.0,-0.04,-0.0,-0.0
0.05,0.0,-0.05,-0.0,-0.0
0.05,0.0,-0.06,-0.0,-0.0
0.05,0.0,-0.07,-0.0,-0.0
0.05,0.0,-0.08,-0.0,-0.0
0.05,0.0,-0.09,-0.0,-0.0
0.05,0.0,-0.1,-0.0,-0.0
0.05,0.0,-0.11,-0.0,-0.0
0.05,0.0,-0.12,-0.0,0.0
0.05,0.0,-0.13,-0.0,0.0
0.05,0.0,-0.14,-0.0,0.0
0.05,0.0,-0.15,-0.0,0.0
0.05,0.0,-0.16,-0.0,0.0
0.05,0.0,-0.17,-0.0,0.0
0.05,0.0,-0.18,-0.0,0.0
0.05,0.0,-0.19,-0.0,0.0
0.05,0.0,-0.2,-0.0,0.0
0.04,0.0,0.4,36.012,36.012
0.04,0.0,0.39,36.012,36.012
0.04,0.0,0.38,36.012,36.012
0.04,0.0,0.37,36.012,36.012
0.04,0.0,0.36,36.012,36.012
0.04,0.0,0.35,36.012,36.012
0.04,0.0,0.34,36.012,36.012
0.04,0.0,0.33,36.012,36.012
0.04,0.0,0.32,36.011,36.011
0.04,0.0,0.31,36.01,36.01
0.04,0.0,0.3,36.009,36.009
0.04,0.0,0.29,36.008,36.008
0.04,0.0,0.28,36.006,36.006
0.04,0.0,0.27,36.003,36.003
0.04,0.0,0.26,35.998,35.998
0.04,0.0,0.25,35.991,35.991
0.04,0.0,0.24,35.981,35.981
0.04,0.0,0.23,35.967,35.967
0.04,0.0,0.22,35.945,35.945
0.04,0.0,0.21,35.913,35.913
0.04,0.0,0.2,35.867,35.867
0.04,0.0,0.19,35.798,35.798
0.04,0.0,0.18,35.698,35.698
0.04,0.0,0.17,35.55,35.55
0.04,0.0,0.16,35.335,35.335
0.04,0.0,0.15,35.02,35.02
0.04,0.0,0.14,34.563,34.563
0.04,0.0,0.13,33.902,33.902
0.04,0.0,0.12,32.955,32.955
0.04,0.0,0.11,31.616,31.616
0.04,0.0,0.1,29.753,29.753
0.04,0.0,0.09,27.23,27.23
0.04,0.0,0.08,23.939,23.939
0.04,0.0,0.07,19.871,19.871
0.04,0.0,0.06,15.204,15.204
0.04,0.0,0.05,10.381,10.381
0.04,0.0,0.04,6.053,6.053
0.04,0.0,0.03,2.836,2.836
0.04,0.0,0.02,0.972,0.972
0.04,0.0,0.01,0.197,0.197
0.04,0.0,-0.0,-0.0,-0.0
0.04,0.0,-0.01,-0.014,-0.014
0.04,0.0,-0.02,-0.004,-0.004
0.04,0.0,-0.03,-0.001,-0.001
0.04,0.0,-0.04,-0.0,-0.0
0.04,0.0,-0.05,-0.0,-0.0
0.04,0.0,-0.06,-0.0,-0.0
0.04,0.0,-0.07,-0.0,-0.0
0.04,0.0,-0.08,-0.0,-0.0
0.04,0.0,-0.09,-0.0,-0.0
0.04,0.0,-0.1,-0.0,-0.0
0.04,0.0,-0.11,-0.0,0.0
0.04,0.0,-0.12,-0.0,0.0
0.04,0.0,-0.13,-0.0,0.0
0.04,0.0,-0.14,-0.0,0.0
0.04,0.0,-0.15,-0.0,0.0
0.04,0.0,-0.16,-0.0,0.0
0.04,0.0,-0.17,-0.0,0.0
0.04,0.0,-0.18,-0.0,0.0
0.04,0.0,-0.19,-0.0,0.0
0.04,0.0,-0.2,-0.0,0.0
0.03,0.0,0.4,4.106,4.106
0.03,0.0,0.39,4.106,4.106
0.03,0.0,0.38,4.106,4.106
0.03,0.0,0.37,4.106,4.106
0.03,0.0,0.36,4.106,4.106
0.03,0.0,0.35,4.106,4.106
0.03,0.0,0.34,4.106,4.106
0.03,0.0,0.33,4.106,4.106
0.03,0.0,0.32,4.105,4.105
0.03,0.0,0.31,4.105,4.105
0.03,0.0,0.3,4.105,4.105
0.03,0.0,0.29,4.105,4.105
0.03,0.0,0.28,4.105,4.105
0.03,0.0,0.27,4.105,4.105
0.03,0.0,0.26,4.104,4.104
0.03,0.0,0.25,4.103,4.103
0.03,0.0,0.24,4.102,4.102
0.03,0.0,0.23,4.101,4.101
0.03,0.0,0.22,4.099,4.099
0.03,0.0,0.21,4.095,4.095
0.03,0.0,0.2,4.091,4.091
0.03,0.0,0.19,4.083,4.083
0.03,0.0,0.18,4.073,4.073
0.03,0.0,0.17,4.058,4.058
0.03,0.0,0.16,4.035,4.035
0.03,0.0,0.15,4.003,4.003
0.03,0.0,0.14,3.955,3.955
0.03,0.0,0.13,3.887,3.887
0.03,0.0,0.12,3.788,3.788
0.03,0.0,0.11,3.648,3.648
0.03,0.0,0.1,3.451,3.451
0.03,0.0,0.09,3.183,3.183
0.03,0.0,0.08,2.83,2.83
0.03,0.0,0.07,2.385,2.385
0.03,0.0,0.06,1.863,1.863
0.03,0.0,0.05,1.308,1.308
0.03,0.0,0.04,0.789,0.789
0.03,0.0,0.03,0.386,0.386
0.03,0.0,0.02,0.139,0.139
0.03,0.0,0.01,0.03,0.03
0.03,0.0,-0.0,-0.0,-0.0
0.03,0.0,-0.01,-0.002,-0.002
0.03,0.0,-0.02,-0.001,-0.001
0.03,0.0,-0.03,-0.0,-0.0
0.03,0.0,-0.04,-0.0,-0.0
0.03,0.0,-0.05,-0.0,-0.0
0.03,0.0,-0.06,-0.0,-0.0
0.03,0.0,-0.07,-0.0,-0.0
0.03,0.0,-0.08,-0.0,-0.0
0.03,0.0,-0.09,-0.0,-0.0
0.03,0.0,-0.1,-0.0,-0.0
0.03,0.0,-0.11,-0.0,0.0
0.03,0.0,-0.12,-0.0,0.0
0.03,0.0,-0.13,-0.0,0.0
0.03,0.0,-0.14,-0.0,0.0
0.03,0.0,-0.15,-0.0,0.0
0.03,0.0,-0.16,-0.0,0.0
0.03,0.0,-0.17,-0.0,0.0
0.03,0.0,-0.18,-0.0,0.0
0.03,0.0,-0.19,-0.0,0.0
0.03,0.0,-0.2,-0.0,0.0
0.02,0.0,0.4,0.369,0.369
0.02,0.0,0.39,0.369,0.369
0.02,0.0,0.38,0.369,0.369
0.02,0.0,0.37,0.369,0.369
0.02,0.0,0.36,0.369,0.369
0.02,0.0,0.35,0.369,0.369
0.02,0.0,0.34,0.369,0.369
0.02,0.0,0.33,0.369,0.369
0.02,0.0,0.32,0.369,0.369
0.02,0.0,0.31,0.369,0.369
0.02,0.0,0.3,0.369,0.369
0.02,0.0,0.29,0.369,0.369
0.02,0.0,0.28,0.369,0.369
0.02,0.0,0.27,0.369,0.369
0.02,0.0,0.26,0.369,0.369
0.02,0.0,0.25,0.369,0.369
0.02,0.0,0.24,0.369,0.369
0.02,0.0,0.23,0.369,0.369
0.02,0.0,0.22,0.368,0.368
0.02,0.0,0.21,0.368,0.368
0.02,0.0,0.2,0.368,0.368
0.02,0.0,0.19,0.367,0.367
0.02,0.0,0.18,0.366,0.366
0.02,0.0,0.17,0.365,0.365
0.02,0.0,0.16,0.363,0.363
0.02,0.0,0.15,0.361,0.361
0.02,0.0,0.14,0.357,0.357
0.02,0.0,0.13,0.351,0.351
0.02,0.0,0.12,0.343,0.343
0.02,0.0,0.11,0.332,0.332
0.02,0.0,0.1,0.315,0.315
0.02,0.0,0.09,0.293,0.293
0.02,0.0,0.08,0.263,0.263
0.02,0.0,0.07,0.225,0.225
0.02,0.0,0.06,0.18,0.18
0.02,0.0,0.05,0.13,0.13
0.02,0.0,0.04,0.081,0.081
0.02,0.0,0.03,0.042,0.042
0.02,0.0,0.02,0.016,0.016
0.02,0.0,0.01,0.004,0.004
0.02,0.0,-0.0,-0.0,-0.0
0.02,0.0,-0.01,-0.0,-0.0
0.02,0.0,-0.02,-0.0,-0.0
0.02,0.0,-0.03,-0.0,-0.0
0.02,0.0,-0.04,-0.0,-0.0
0.02,0.0,-0.05,-0.0,-0.0
0.02,0.0,-0.06,-0.0,-0.0
0.02,0.0,-0.07,-0.0,-0.0
0.02,0.0,-0.08,-0.0,-0.0
0.02,0.0,-0.09,-0.0,-0.0
0.02,0.0,-0.1,-0.0,-0.0
0.02,0.0,-0.11,-0.0,0.0
0.02,0.0,-0.12,-0.0,0.0
0.02,0.0,-0.13,-0.0,0.0
0.02,0.0,-0.14,-0.0,0.0
0.02,0.0,-0.15,-0.0,0.0
0.02,0.0,-0.16,-0.0,0.0
0.02,0.0,-0.17,-0.0,0.0
0.02,0.0,-0.18,-0.0,0.0
0.02,0.0,-0.19,-0.0,0.0
0.02,0.0,-0.2,-0.0,0.0
0.01,0.0,0.4,0.026,0.026
0.01,0.0,0.39,0.026,0.026
0.01,0.0,0.38,0.026,0.026
0.01,0.0,0.37,0.026,0.026
0.01,0.0,0.36,0.026,0.026
0.01,0.0,0.35,0.026,0.026
0.01,0.0,0.34,0.026,0.026
0.01,0.0,0.33,0.026,0.026
0.01,0.0,0.32,0.026,0.026
0.01,0.0,0.31,0.026,0.026
0.01,0.0,0.3,0.026,0.026
0.01,0.0,0.29,0.026,0.026
0.01,0.0,0.28,0.026,0.026
0.01,0.0,0.27,0.026,0.026
0.01,0.0,0.26,0.026,0.026
0.01,0.0,0.25,0.026,0.026
0.01,0.0,0.24,0.026,0.026
0.01,0.0,0.23,0.026,0.026
0.01,0.0,0.22,0.026,0.026
0.01,0.0,0.21,0.026,0.026
0.01,0.0,0.2,0.026,0.026
0.01,0.0,0.19,0.026,0.026
0.01,0.0,0.18,0.026,0.026
0.01,0.0,0.17,0.026,0.026
0.01,0.0,0.16,0.026,0.026
0.01,0.0,0.15,0.026,0.026
0.01,0.0,0.14,0.025,0.025
0.01,0.0,0.13,0.025,0.025
0.01,0.0,0.12,0.024,0.024
0.01,0.0,0.11,0.024,0.024
0.01,0.0,0.1,0.023,0.023
0.01,0.0,0.09,0.021,0.021
0.01,0.0,0.08,0.019,0.019
0.01,0.0,0.07,0.017,0.017
0.01,0.0,0.06,0.014,0.014
0.01,0.0,0.05,0.01,0.01
0.01,0.0,0.04,0.007,0.007
0.01,0.0,0.03,0.004,0.004
0.01,0.0,0.02,0.001,0.001
0.01,0.0,0.01,0.0,0.0
0.01,0.0,-0.0,-0.0,-0.0
0.01,0.0,-0.01,-0.0,-0.0
0.01,0.0,-0.02,-0.0,-0.0
0.01,0.0,-0.03,-0.0,-0.0
0.01,0.0,-0.04,-0.0,-0.0
0.01,0.0,-0.05,-0.0,-0.0
0.01,0.0,-0.06,-0.0,-0.0
0.01,0.0,-0.07,-0.0,-0.0
0.01,0.0,-0.08,-0.0,-0.0
0.01,0.0,-0.09,-0.0,-0.0
0.01,0.0,-0.1,-0.0,0.0
0.01,0.0,-0.11,-0.0,0.0
0.01,0.0,-0.12,-0.0,0.0
0.01,0.0,-0.13,-0.0,0.0
0.01,0.0,-0.14,-0.0,0.0
0.01,0.0,-0.15,-0.0,0.0
0.01,0.0,-0.16,-0.0,0.0
0.01,0.0,-0.17,-0.0,0.0
0.01,0.0,-0.18,-0.0,0.0
0.01,0.0,-0.19,-0.0,0.0
0.01,0.0,-0.2,-0.0,0.0
-0.0,0.0,0.4,0.001,0.001
-0.0,0.0,0.39,0.001,0.001
-0.0,0.0,0.38,0.001,0.001
-0.0,0.0,0.37,0.001,0.001
-0.0,0.0,0.36,0.001,0.001
-0.0,0.0,0.35,0.001,0.001
-0.0,0.0,0.34,0.001,0.001
-0.0,0.0,0.33,0.001,0.001
-0.0,0.0,0.32,0.001,0.001
-0.0,0.0,0.31,0.001,0.001
-0.0,0.0,0.3,0.001,0.001
-0.0,0.0,0.29,0.001,0.001
-0.0,0.0,0.28,0.001,0.001
-0.0,0.0,0.27,0.001,0.001
-0.0,0.0,0.26,0.001,0.001
-0.0,0.0,0.25,0.001,0.001
-0.0,0.0,0.24,0.001,0.001
-0.0,0.0,0.23,0.001,0.001
-0.0,0.0,0.22,0.001,0.001
-0.0,0.0,0.21,0.001,0.001
-0.0,0.0,0.2,0.001,0.001
-0.0,0.0,0.19,0.001,0.001
-0.0,0.0,0.18,0.001,0.001
-0.0,0.0,0.17,0.001,0.001
-0.0,0.0,0.16,0.001,0.001
-0.0,0.0,0.15,0.001,0.001
-0.0,0.0,0.14,0.001,0.001
-0.0,0.0,0.13,0.001,0.001
-0.0,0.0,0.12,0.001,0.001
-0.0,0.0,0.11,0.001,0.001
-0.0,0.0,0.1,0.001,0.001
-0.0,0.0,0.09,0.001,0.001
-0.0,0.0,0.08,0.001,0.001
-0.0,0.0,0.07,0.001,0.001
-0.0,0.0,0.06,0.001,0.001
-0.0,0.0,0.05,0.001,0.001
-0.0,0.0,0.04,0.0,0.0
-0.0,0.0,0.03,0.0,0.0
-0.0,0.0,0.02,0.0,0.0
-0.0,0.0,0.01,0.0,0.0
-0.0,0.0,-0.0,-0.0,-0.0
-0.0,0.0,-0.01,-0.0,-0.0
-0.0,0.0,-0.02,-0.0,-0.0
-0.0,0.0,-0.03,-0.0,-0.0
-0.0,0.0,-0.04,-0.0,-0.0
-0.0,0.0,-0.05,-0.0,-0.0
-0.0,0.0,-0.06,-0.0,-0.0
-0.0,0.0,-0.07,-0.0,-0.0
-0.0,0.0,-0.08,-0.0,-0.0
-0.0,0.0,-0.09,-0.0,-0.0
-0.0,0.0,-0.1,-0.0,0.0
-0.0,0.0,-0.11,-0.0,0.0
-0.0,0.0,-0.12,-0.0,0.0
-0.0,0.0,-0.13,-0.0,0.0
-0.0,0.0,-0.14,-0.0,0.0
-0.0,0.0,-0.15,-0.0,0.0
-0.0,0.0,-0.16,-0.0,0.0
-0.0,0.0,-0.17,-0.0,0.0
-0.0,0.0,-0.18,-0.0,0.0
-0.0,0.0,-0.19,-0.0,0.0
-0.0,0.0,-0.2,-0.0,0.0
