Vtg,Vds,I
1,1,0.8648471046
1,0.975,0.8648334824
1,0.95,0.8648140429
1,0.925,0.8647854647
1,0.9,0.8647434708
1,0.875,0.8646818027
1,0.85,0.8645914895
1,0.825,0.8644592549
1,0.8,0.8642658692
1,0.775,0.8639840056
1,0.75,0.8635750218
1,0.725,0.8629852156
1,0.7,0.8621417032
1,0.675,0.8609486272
1,0.65,0.8592848583
1,0.625,0.857004511
1,0.6,0.8539408774
1,0.575,0.8499130711
1,0.55,0.8435117614
1,0.525,0.8382070161
1,0.5,0.8301397686
1,0.475,0.8203240001
1,0.45,0.808539322
1,0.425,0.7945444595
1,0.4,0.7780741521
1,0.375,0.7588381796
1,0.35,0.7365233546
1,0.325,0.7107987629
1,0.3,0.681324599
1,0.275,0.6477650225
1,0.25,0.6098054961
1,0.225,0.5671750475
1,0.2,0.5196738419
1,0.175,0.4672064128
1,0.15,0.4098208943
1,0.125,0.3477545882
1,0.1,0.2814867191
1,0.075,0.2117901692
1,0.05,0.1398368542
1,0.025,0.0676445829
1,0,0
1,-0.025,-0.0521282328
1,-0.05,-0.0738643648
1,-0.075,-0.0617972583
1,-0.1,-0.0339546905
1,-0.125,-0.0123169128
1,-0.15,-0.0029175448
1,-0.175,-0.000445754
1,-0.2,-4.34467612E-005
1,-0.225,-2.6758956E-006
1,-0.25,-1.032808E-007
0.95,1,0.8606726318
0.95,0.975,0.8606614088
0.95,0.95,0.860644903
0.95,0.925,0.860620634
0.95,0.9,0.8605849646
0.95,0.875,0.8605325681
0.95,0.85,0.8604556654
0.95,0.825,0.8603427681
0.95,0.8,0.8601775025
0.95,0.775,0.8599363062
0.95,0.75,0.8595854312
0.95,0.725,0.8590774507
0.95,0.7,0.8583469887
0.95,0.675,0.8573062632
0.95,0.65,0.8558414001
0.95,0.625,0.8538109005
0.95,0.6,0.8498217131
0.95,0.575,0.8473639378
0.95,0.55,0.8425600169
0.95,0.525,0.8364298003
0.95,0.5,0.8287621133
0.95,0.475,0.8193409857
0.95,0.45,0.8079385015
0.95,0.425,0.7943091944
0.95,0.4,0.7781853089
0.95,0.375,0.7592746237
0.95,0.35,0.7372614485
0.95,0.325,0.7118111504
0.95,0.3,0.6825785519
0.95,0.275,0.6492206173
0.95,0.25,0.6114138993
0.95,0.225,0.5688772279
0.95,0.2,0.5214000791
0.95,0.175,0.4688770109
0.95,0.15,0.4113485054
0.95,0.125,0.349048363
0.95,0.1,0.2824566446
0.95,0.075,0.2123554633
0.95,0.05,0.1399344387
0.95,0.025,0.0673592898
0.95,0,0
0.95,-0.025,-0.0502680635
0.95,-0.05,-0.0689749072
0.95,-0.075,-0.0553329634
0.95,-0.1,-0.0289464801
0.95,-0.125,-0.0099505
0.95,-0.15,-0.0022272649
0.95,-0.175,-0.0003210202
0.95,-0.2,-0.000029489
0.95,-0.225,-1.710836E-006
0.95,-0.25,-6.21836E-008
0.9,1,0.8560537254
0.9,0.975,0.8560441703
0.9,0.95,0.8560301159
0.9,0.925,0.8560094477
0.9,0.9,0.8559790627
0.9,0.875,0.8559344121
0.9,0.85,0.8558688407
0.9,0.825,0.8557726395
0.9,0.8,0.8556314196
0.9,0.775,0.8554249972
0.9,0.75,0.8551240497
0.9,0.725,0.8546869482
0.9,0.7,0.8540555672
0.9,0.675,0.8531504908
0.9,0.65,0.8518663363
0.9,0.625,0.8500684315
0.9,0.6,0.8475924021
0.9,0.575,0.8442481882
0.9,0.55,0.839825448
0.9,0.525,0.8341042986
0.9,0.5,0.8268591649
0.9,0.475,0.8178600916
0.9,0.45,0.8068690893
0.9,0.425,0.7936341658
0.9,0.4,0.7778836429
0.9,0.375,0.759322674
0.9,0.35,0.7376330283
0.9,0.325,0.7124546409
0.9,0.3,0.6835036576
0.9,0.275,0.6503643334
0.9,0.25,0.6127270067
0.9,0.225,0.5703009011
0.9,0.2,0.5228628657
0.9,0.175,0.4703050471
0.9,0.15,0.412653062
0.9,0.125,0.3501391543
0.9,0.1,0.2832434309
0.9,0.075,0.2127497607
0.9,0.05,0.1398661654
0.9,0.025,0.066937065
0.9,0,0
0.9,-0.025,-0.0481983573
0.9,-0.05,-0.0639122176
0.9,-0.075,-0.049083432
0.9,-0.1,-0.0244173113
0.9,-0.125,-0.0079476322
0.9,-0.15,-0.0016800946
0.9,-0.175,-0.0002283564
0.9,-0.2,-0.000019765
0.9,-0.225,-0.00000108
0.9,-0.25,-0.000000037
0.85,1,0.8509390348
0.85,0.975,0.8509308853
0.85,0.95,0.8509188972
0.85,0.925,0.8509012656
0.85,0.9,0.8508753388
0.85,0.875,0.8508372292
0.85,0.85,0.8507812392
0.85,0.825,0.8506990414
0.85,0.8,0.8505784281
0.85,0.775,0.8504016111
0.85,0.75,0.8501434041
0.85,0.725,0.8497674277
0.85,0.7,0.8492223556
0.85,0.675,0.8484370474
0.85,0.65,0.8473152721
0.85,0.625,0.8457309942
0.85,0.6,0.8435257519
0.85,0.575,0.8405097632
0.85,0.55,0.8364674466
0.85,0.525,0.8311659988
0.85,0.5,0.8243636845
0.85,0.475,0.8158143128
0.85,0.45,0.8052664322
0.85,0.425,0.7924585003
0.85,0.4,0.7771127885
0.85,0.375,0.758930662
0.85,0.35,0.7375909717
0.85,0.325,0.7127524816
0.85,0.3,0.684060845
0.85,0.275,0.6511605542
0.85,0.25,0.6137123251
0.85,0.225,0.5714164271
0.85,0.2,0.5240419034
0.85,0.175,0.4714659786
0.85,0.15,0.4137122587
0.85,0.125,0.3510064506
0.85,0.1,0.2838261864
0.85,0.075,0.2129511955
0.85,0.05,0.1396067376
0.85,0.025,0.0663582198
0.85,0,0
0.85,-0.025,-0.0459235494
0.85,-0.05,-0.0587292566
0.85,-0.075,-0.0431089011
0.85,-0.1,-0.0203696549
0.85,-0.125,-0.0062729774
0.85,-0.15,-0.0012517236
0.85,-0.175,-0.0001603808
0.85,-0.2,-1.30764932E-005
0.85,-0.225,-6.728308E-007
0.85,-0.25,-2.16816E-008
0.8,1,0.8452697668
0.8,0.975,0.8452628047
0.8,0.95,0.8452525626
0.8,0.925,0.845237497
0.8,0.9,0.8452153406
0.8,0.875,0.8451827647
0.8,0.85,0.8451348884
0.8,0.825,0.8450645676
0.8,0.8,0.8449613691
0.8,0.775,0.844809922
0.8,0.75,0.8445882609
0.8,0.725,0.8442648709
0.8,0.7,0.8437946699
0.8,0.675,0.8431144355
0.8,0.65,0.8421372673
0.8,0.625,0.8407469264
0.8,0.6,0.8387933542
0.8,0.575,0.8360911719
0.8,0.55,0.8324227144
0.8,0.525,0.8275456183
0.8,0.5,0.8212025852
0.8,0.475,0.8131293401
0.8,0.45,0.8030576032
0.8,0.425,0.7907126766
0.8,0.4,0.7758078672
0.8,0.375,0.7580388881
0.8,0.35,0.7369534491
0.8,0.325,0.7125890032
0.8,0.3,0.6842051711
0.8,0.275,0.6515684943
0.8,0.25,0.6143328366
0.8,0.225,0.572190218
0.8,0.2,0.524901153
0.8,0.175,0.4723322404
0.8,0.15,0.4145010734
0.8,0.125,0.3516271028
0.8,0.1,0.2841819258
0.8,0.075,0.2129336959
0.8,0.05,0.1391263109
0.8,0.025,0.0656009424
0.8,0,0
0.8,-0.025,-0.0434533404
0.8,-0.05,-0.053484517
0.8,-0.075,-0.0374648788
0.8,-0.1,-0.0167964415
0.8,-0.125,-0.0048903169
0.8,-0.15,-0.000920637
0.8,-0.175,-0.000111161
0.8,-0.2,-0.000008536
0.8,-0.225,-4.13536E-007
0.8,-0.25,-1.2546E-008
0.75,1,0.8389825582
0.75,0.975,0.8389766011
0.75,0.95,0.8389678371
0.75,0.925,0.8389549446
0.75,0.9,0.8389359819
0.75,0.875,0.8389080964
0.75,0.85,0.8388671024
0.75,0.825,0.8388068669
0.75,0.8,0.8387184177
0.75,0.775,0.8385886704
0.75,0.75,0.8383982938
0.75,0.725,0.8381200632
0.75,0.7,0.8377146014
0.75,0.675,0.8371260744
0.75,0.65,0.8362767194
0.75,0.625,0.8350606554
0.75,0.6,0.8333380165
0.75,0.575,0.8309310774
0.75,0.55,0.82762437
0.75,0.525,0.794469809
0.75,0.5,0.8172974448
0.75,0.475,0.8097238137
0.75,0.45,0.800161227
0.75,0.425,0.7883179405
0.75,0.4,0.7738946146
0.75,0.375,0.7565786018
0.75,0.35,0.7360396083
0.75,0.325,0.7119291163
0.75,0.3,0.6838849042
0.75,0.275,0.6515413885
0.75,0.25,0.6145462936
0.75,0.225,0.5725841313
0.75,0.2,0.5254069627
0.75,0.175,0.472872782
0.75,0.15,0.4149913231
0.75,0.125,0.3519760633
0.75,0.1,0.2842838948
0.75,0.075,0.2126659037
0.75,0.05,0.1383888025
0.75,0.025,0.0646415204
0.75,0,0
0.75,-0.025,-0.0408032273
0.75,-0.05,-0.0482405283
0.75,-0.075,-0.0321984962
0.75,-0.1,-0.0136819375
0.75,-0.125,-0.0037633986
0.75,-0.15,-0.0006681162
0.75,-0.175,-7.59981124E-005
0.75,-0.2,-5.4951756E-006
0.75,-0.225,-2.506336E-007
0.75,-0.25,-7.1584E-009
0.7,1,0.8320071074
0.7,0.975,0.832002003
0.7,0.95,0.8319944932
0.7,0.925,0.831983445
0.7,0.9,0.8319671931
0.7,0.875,0.8319432908
0.7,0.85,0.8319081456
0.7,0.825,0.8318564876
0.7,0.8,0.8317805988
0.7,0.775,0.8316692025
0.7,0.75,0.8025404544
0.7,0.725,0.8023249246
0.7,0.7,0.8309167151
0.7,0.675,0.8304079251
0.7,0.65,0.8296708735
0.7,0.625,0.8286101072
0.7,0.6,0.8270970371
0.7,0.575,0.8249641462
0.7,0.55,0.82200221
0.7,0.525,0.817962577
0.7,0.5,0.8125651318
0.7,0.475,0.8055098619
0.7,0.45,0.7964876302
0.7,0.425,0.7851859717
0.7,0.4,0.7712886414
0.7,0.375,0.7544475599
0.7,0.35,0.7343950067
0.7,0.325,0.7107069666
0.7,0.3,0.6830404999
0.7,0.275,0.6510255704
0.7,0.25,0.6143044106
0.7,0.225,0.572554406
0.7,0.2,0.5255208958
0.7,0.175,0.4730525177
0.7,0.15,0.4151511175
0.7,0.125,0.3520194787
0.7,0.1,0.284100407
0.7,0.075,0.212109828
0.7,0.05,0.1373525621
0.7,0.025,0.0634547864
0.7,0,0
0.7,-0.025,-0.037994839
0.7,-0.05,-0.0430633995
0.7,-0.075,-0.0273471216
0.7,-0.1,-0.011002889
0.7,-0.125,-0.00285737
0.7,-0.15,-0.0004781478
0.7,-0.175,-5.12244696E-005
0.7,-0.2,-3.4870724E-006
0.7,-0.225,-1.497196E-007
0.7,-0.25,-0.000000004
0.65,1,0.8242664675
0.65,0.975,0.8242620882
0.65,0.95,0.8242556448
0.65,0.925,0.8242461651
0.65,0.9,0.8242322193
0.65,0.875,0.8242117066
0.65,0.85,0.8241815403
0.65,0.825,0.8241371897
0.65,0.8,0.8240720128
0.65,0.775,0.8239762904
0.65,0.75,0.8238358352
0.65,0.725,0.8236298148
0.65,0.7,0.8233283306
0.65,0.675,0.8228886784
0.65,0.65,0.8222498538
0.65,0.625,0.8213265318
0.65,0.6,0.820001859
0.65,0.575,0.8181202925
0.65,0.55,0.8154822926
0.65,0.525,0.811843241
0.65,0.5,0.8069184432
0.65,0.475,0.8003938875
0.65,0.45,0.7919393685
0.65,0.425,0.7812189102
0.65,0.4,0.7678716641
0.65,0.375,0.7516263958
0.65,0.35,0.7320639903
0.65,0.325,0.7088468278
0.65,0.3,0.6816034781
0.65,0.275,0.649959439
0.65,0.25,0.6135519427
0.65,0.225,0.572052662
0.65,0.2,0.52519867
0.65,0.175,0.4728316694
0.65,0.15,0.4149441742
0.65,0.125,0.3517261349
0.65,0.1,0.2835935653
0.65,0.075,0.2112191819
0.65,0.05,0.1359687245
0.65,0.025,0.062014852
0.65,0,0
0.65,-0.025,-0.0350560136
0.65,-0.05,-0.0380138172
0.65,-0.075,-0.022937369
0.65,-0.1,-0.008729875
0.65,-0.125,-0.0021390526
0.65,-0.15,-0.0003372598
0.65,-0.175,-3.40200512E-005
0.65,-0.2,-0.00000218
0.65,-0.225,-8.81072E-008
0.65,-0.25,-2.2304E-009
0.6,1,0.815676896
0.6,0.975,0.8156731344
0.6,0.95,0.8156675999
0.6,0.925,0.815659457
0.6,0.9,0.8156474773
0.6,0.875,0.8156298545
0.6,0.85,0.8156039351
0.6,0.825,0.8155658211
0.6,0.8,0.8155097937
0.6,0.775,0.8154274754
0.6,0.75,0.8153066152
0.6,0.725,0.8151293547
0.6,0.7,0.8148694119
0.6,0.675,0.8144895929
0.6,0.65,0.8139363912
0.6,0.625,0.8131340589
0.6,0.6,0.8119774341
0.6,0.575,0.8103239541
0.6,0.55,0.8079863823
0.6,0.525,0.8047285445
0.6,0.5,0.8002666459
0.6,0.475,0.794277511
0.6,0.45,0.7864121317
0.6,0.425,0.7761644166
0.6,0.4,0.7636077839
0.6,0.375,0.7479434864
0.6,0.35,0.7289519629
0.6,0.325,0.7062619343
0.6,0.3,0.6794952248
0.6,0.275,0.6482723187
0.6,0.25,0.6122256462
0.6,0.225,0.5710213552
0.6,0.2,0.5243898736
0.6,0.175,0.472164971
0.6,0.15,0.4143289414
0.6,0.125,0.3510539948
0.6,0.1,0.2827173908
0.6,0.075,0.2099375912
0.6,0.05,0.1341810631
0.6,0.025,0.060296194
0.6,0,0
0.6,-0.025,-0.0320205575
0.6,-0.05,-0.0331585551
0.6,-0.075,-0.0189845629
0.6,-0.1,-0.0068287923
0.6,-0.125,-0.0015778087
0.6,-0.15,-0.0002343078
0.6,-0.175,-2.2249286E-005
0.6,-0.2,-1.341944E-006
0.6,-0.225,-5.10504E-008
0.6,-0.25,-1.2164E-009
0.55,1,0.8061478471
0.55,0.975,0.8061446131
0.55,0.95,0.8061398549
0.55,0.925,0.8061328538
0.55,0.9,0.8061225533
0.55,0.875,0.8061074001
0.55,0.85,0.8060851102
0.55,0.825,0.8060523288
0.55,0.8,0.8060041302
0.55,0.775,0.8059332908
0.55,0.75,0.8058292346
0.55,0.725,0.8056765135
0.55,0.7,0.8054526122
0.55,0.675,0.8051245082
0.55,0.65,0.8046457588
0.55,0.625,0.803949491
0.55,0.6,0.8029418216
0.55,0.575,0.8014935164
0.55,0.55,0.7994313812
0.55,0.525,0.7965313238
0.55,0.5,0.7925158515
0.55,0.475,0.7869130854
0.55,0.45,0.77979597
0.55,0.425,0.7703437268
0.55,0.4,0.7583110945
0.55,0.375,0.7433091834
0.55,0.35,0.724951953
0.55,0.325,0.7028533853
0.55,0.3,0.6766257656
0.55,0.275,0.6458832309
0.55,0.25,0.6102524816
0.55,0.225,0.5693963293
0.55,0.2,0.5230369797
0.55,0.175,0.4710006891
0.55,0.15,0.4132588728
0.55,0.125,0.3499546565
0.55,0.1,0.2814153705
0.55,0.075,0.208195953
0.55,0.05,0.1319260305
0.55,0.025,0.0582751481
0.55,0,0
0.55,-0.025,-0.0289276386
0.55,-0.05,-0.0285543403
0.55,-0.075,-0.0154926934
0.55,-0.1,-0.0052623954
0.55,-0.125,-0.0011459303
0.55,-0.15,-0.0001602267
0.55,-0.175,-0.00001432
0.55,-0.2,-8.128616E-007
0.55,-0.225,-2.91068E-008
0.55,-0.25,-6.532E-010
0.5,1,0.7955821479
0.5,0.975,0.7955793657
0.5,0.95,0.7955752717
0.5,0.925,0.795569248
0.5,0.9,0.795560385
0.5,0.875,0.7955473459
0.5,0.85,0.7955281643
0.5,0.825,0.7954999509
0.5,0.8,0.7954584615
0.5,0.775,0.7953974675
0.5,0.75,0.7953078395
0.5,0.725,0.7951762234
0.5,0.7,0.794983136
0.5,0.675,0.7947000638
0.5,0.65,0.7942859416
0.5,0.625,0.7936823657
0.5,0.6,0.7928060726
0.5,0.575,0.7915409899
0.5,0.55,0.7897288829
0.5,0.525,0.7871604228
0.5,0.5,0.7835692149
0.5,0.475,0.7786319329
0.5,0.45,0.7719767276
0.5,0.425,0.7631989655
0.5,0.4,0.7518794664
0.5,0.375,0.7375988495
0.5,0.35,0.7199442066
0.5,0.325,0.6985092392
0.5,0.3,0.6728925833
0.5,0.275,0.6426996125
0.5,0.25,0.6075515392
0.5,0.225,0.567103796
0.5,0.2,0.5210741755
0.5,0.175,0.4692793883
0.5,0.15,0.4116737564
0.5,0.125,0.3483696036
0.5,0.1,0.2796172399
0.5,0.075,0.2059101778
0.5,0.05,0.1291335085
0.5,0.025,0.055931842
0.5,0,0
0.5,-0.025,-0.0258207821
0.5,-0.05,-0.0242524862
0.5,-0.075,-0.0124548662
0.5,-0.1,-0.0039918517
0.5,-0.125,-0.000818836
0.5,-0.15,-0.0001077688
0.5,-0.175,-9.0638812E-006
0.5,-0.2,-4.84198E-007
0.5,-0.225,-1.632E-008
0.5,-0.25,-3.448E-010
0.45,1,0.783876396
0.45,0.975,0.7838740008
0.45,0.95,0.7838704766
0.45,0.925,0.7838652909
0.45,0.9,0.7838576612
0.45,0.875,0.7838464356
0.45,0.85,0.7838299208
0.45,0.825,0.7838056279
0.45,0.8,0.7837698979
0.45,0.775,0.7837173615
0.45,0.75,0.7836401395
0.45,0.725,0.7835266921
0.45,0.7,0.7833601534
0.45,0.675,0.7831159535
0.45,0.65,0.7827580619
0.45,0.625,0.7822353065
0.45,0.6,0.7814744399
0.45,0.575,0.7803720125
0.45,0.55,0.7787849757
0.45,0.525,0.7765204646
0.45,0.5,0.7733270227
0.45,0.475,0.7688904433
0.45,0.45,0.7628375384
0.45,0.425,0.7547491664
0.45,0.4,0.7441798026
0.45,0.375,0.7306772759
0.45,0.35,0.7137963317
0.45,0.325,0.6931039533
0.45,0.3,0.6681795865
0.45,0.275,0.6386153393
0.45,0.25,0.6040262816
0.45,0.225,0.564059316
0.45,0.2,0.5184259481
0.45,0.175,0.4669323236
0.45,0.15,0.4095115821
0.45,0.125,0.3462270054
0.45,0.1,0.2772348591
0.45,0.075,0.2029795531
0.45,0.05,0.1257285965
0.45,0.025,0.0532525625
0.45,0,0
0.45,-0.025,-0.0227472245
0.45,-0.05,-0.0202954742
0.45,-0.075,-0.0098542206
0.45,-0.1,-0.0029779469
0.45,-0.125,-0.0005751863
0.45,-0.15,-7.12393736E-005
0.45,-0.175,-5.637788E-006
0.45,-0.2,-2.834308E-007
0.45,-0.225,-0.000000009
0.45,-0.25,-1.788E-010
0.4,1,0.7709216132
0.4,0.975,0.7709195506
0.4,0.95,0.770916516
0.4,0.925,0.7709120507
0.4,0.9,0.7709054804
0.4,0.875,0.7708958134
0.4,0.85,0.770881591
0.4,0.825,0.7708606685
0.4,0.8,0.770829893
0.4,0.775,0.7707846337
0.4,0.75,0.7707180928
0.4,0.725,0.7706203037
0.4,0.7,0.7704766793
0.4,0.675,0.7702659258
0.4,0.65,0.7699570738
0.4,0.625,0.7695046775
0.4,0.6,0.7688449257
0.4,0.575,0.7678862174
0.4,0.55,0.7665003832
0.4,0.525,0.7645118347
0.4,0.5,0.7616867863
0.4,0.475,0.7577253487
0.4,0.45,0.752260249
0.4,0.425,0.7448652991
0.4,0.4,0.7350735578
0.4,0.375,0.7224004286
0.4,0.35,0.7063641717
0.4,0.325,0.6864983545
0.4,0.3,0.6623561764
0.4,0.275,0.6335130302
0.4,0.25,0.5995694964
0.4,0.225,0.5601662193
0.4,0.2,0.5150053313
0.4,0.175,0.463880864
0.4,0.15,0.4066914156
0.4,0.125,0.3434369669
0.4,0.1,0.2741572688
0.4,0.075,0.1992842997
0.4,0.05,0.1216348165
0.4,0.025,0.050232491
0.4,0,0
0.4,-0.025,-0.0197523811
0.4,-0.05,-0.0167152863
0.4,-0.075,-0.0076652565
0.4,-0.1,-0.0021827677
0.4,-0.125,-0.0003968269
0.4,-0.15,-4.6243082E-005
0.4,-0.175,-3.4433216E-006
0.4,-0.2,-1.629148E-007
0.4,-0.225,-4.8664E-009
0.4,-0.25,-9.12E-011
0.35,1,0.7566041704
0.35,0.975,0.7566023944
0.35,0.95,0.7565997811
0.35,0.925,0.7565959357
0.35,0.9,0.7565902778
0.35,0.875,0.7565819526
0.35,0.85,0.756569704
0.35,0.825,0.7565516837
0.35,0.8,0.7565251755
0.35,0.775,0.7564861869
0.35,0.75,0.7564288545
0.35,0.725,0.7563445762
0.35,0.7,0.7562207473
0.35,0.675,0.756038935
0.35,0.65,0.7557722693
0.35,0.625,0.7553815364
0.35,0.6,0.7548101621
0.35,0.575,0.753977969
0.35,0.55,0.7527709824
0.35,0.525,0.7510309708
0.35,0.5,0.7485434597
0.35,0.475,0.7450269113
0.35,0.45,0.7401266692
0.35,0.425,0.7334178221
0.35,0.4,0.7244194076
0.35,0.375,0.7126179555
0.35,0.35,0.6974935333
0.35,0.325,0.6785403226
0.35,0.3,0.6552779406
0.35,0.275,0.6272560489
0.35,0.25,0.5940586111
0.35,0.225,0.5553137626
0.35,0.2,0.5107116335
0.35,0.175,0.4600254107
0.35,0.15,0.4031156652
0.35,0.125,0.3398849532
0.35,0.1,0.2702441945
0.35,0.075,0.1946853693
0.35,0.05,0.1167791255
0.35,0.025,0.0468786597
0.35,0,0
0.35,-0.025,-0.0168853259
0.35,-0.05,-0.0135322399
0.35,-0.075,-0.0058554853
0.35,-0.1,-0.0015703059
0.35,-0.125,-0.0002686267
0.35,-0.15,-2.94492016E-005
0.35,-0.175,-2.0632136E-006
0.35,-0.2,-9.18768E-008
0.35,-0.225,-2.584E-009
0.35,-0.25,-4.56E-011
0.3,1,0.7408069384
0.3,0.975,0.7408054094
0.3,0.95,0.7408031594
0.3,0.925,0.7407998485
0.3,0.9,0.7407949769
0.3,0.875,0.7407878088
0.3,0.85,0.7407772623
0.3,0.825,0.7407617456
0.3,0.8,0.7407389183
0.3,0.775,0.7407053403
0.3,0.75,0.7406559574
0.3,0.725,0.7405833494
0.3,0.7,0.7404766339
0.3,0.675,0.7403198785
0.3,0.65,0.7400898087
0.3,0.625,0.7397525451
0.3,0.6,0.7392585684
0.3,0.575,0.7385374145
0.3,0.55,0.7374886681
0.3,0.525,0.7359709799
0.3,0.5,0.7337898618
0.3,0.475,0.7306848822
0.3,0.45,0.7263195997
0.3,0.425,0.7202786319
0.3,0.4,0.7120760666
0.3,0.375,0.7011762846
0.3,0.35,0.6870226853
0.3,0.325,0.6690663157
0.3,0.3,0.6467850168
0.3,0.275,0.6196947632
0.3,0.25,0.587354782
0.3,0.225,0.5493748745
0.3,0.2,0.5054274013
0.3,0.175,0.4552564989
0.3,0.15,0.3986614816
0.3,0.125,0.3354228276
0.3,0.1,0.2653198243
0.3,0.075,0.1890263455
0.3,0.05,0.1110990592
0.3,0.025,0.0432128785
0.3,0,0
0.3,-0.025,-0.0141890271
0.3,-0.05,-0.010754429
0.3,-0.075,-0.004387296
0.3,-0.1,-0.0011075235
0.3,-0.125,-0.0001782338
0.3,-0.15,-1.83808972E-005
0.3,-0.175,-1.211716E-006
0.3,-0.2,-5.07928E-008
0.3,-0.225,-1.3452E-009
0.3,-0.25,-2.24E-011
0.25,1,0.7234105552
0.25,0.975,0.7234092392
0.25,0.95,0.723407303
0.25,0.925,0.7234044535
0.25,0.9,0.723400261
0.25,0.875,0.723394092
0.25,0.85,0.723385015
0.25,0.825,0.7233716599
0.25,0.8,0.7233520118
0.25,0.775,0.7233231078
0.25,0.75,0.7232805946
0.25,0.725,0.7232180761
0.25,0.7,0.7231261673
0.25,0.675,0.7229911116
0.25,0.65,0.7227927874
0.25,0.625,0.7225018352
0.25,0.6,0.7220755992
0.25,0.575,0.7214517097
0.25,0.55,0.7205424313
0.25,0.525,0.7192224844
0.25,0.5,0.7173172609
0.25,0.475,0.7145889698
0.25,0.45,0.7107235734
0.25,0.425,0.7053223673
0.25,0.4,0.6979041602
0.25,0.375,0.6879219408
0.25,0.35,0.6747860452
0.25,0.325,0.6579037062
0.25,0.3,0.636705021
0.25,0.275,0.6106626016
0.25,0.25,0.5793011543
0.25,0.225,0.5422031374
0.25,0.2,0.4990132896
0.25,0.175,0.4494320357
0.25,0.15,0.3931702851
0.25,0.125,0.3298571012
0.25,0.1,0.2591678613
0.25,0.075,0.182139113
0.25,0.05,0.1045521551
0.25,0.025,0.0392742726
0.25,0,0
0.25,-0.025,-0.0117018632
0.25,-0.05,-0.0083778348
0.25,-0.075,-0.0032199166
0.25,-0.1,-0.0007648432
0.25,-0.125,-0.0001157763
0.25,-0.15,-1.12319444E-005
0.25,-0.175,-6.96796E-007
0.25,-0.2,-2.75E-008
0.25,-0.225,-6.86E-010
0.25,-0.25,-1.08E-011
0.2,1,0.7042944996
0.2,0.975,0.7042933679
0.2,0.95,0.7042917028
0.2,0.925,0.7042892523
0.2,0.9,0.7042856465
0.2,0.875,0.7042803406
0.2,0.85,0.7042725335
0.2,0.825,0.704261047
0.2,0.8,0.7042441469
0.2,0.775,0.704219284
0.2,0.75,0.7041827108
0.2,0.725,0.7041289211
0.2,0.7,0.7040498288
0.2,0.675,0.7039335741
0.2,0.65,0.7037627858
0.2,0.625,0.7035120756
0.2,0.6,0.7031444588
0.2,0.575,0.7026061004
0.2,0.55,0.7018193318
0.2,0.525,0.7006743973
0.2,0.5,0.6990158769
0.2,0.475,0.6966290969
0.2,0.45,0.6932251336
0.2,0.425,0.6884283639
0.2,0.4,0.6817716363
0.2,0.375,0.672704458
0.2,0.35,0.6606166388
0.2,0.325,0.6448735765
0.2,0.3,0.6248534719
0.2,0.275,0.5999763433
0.2,0.25,0.5697204868
0.2,0.225,0.5336299861
0.2,0.2,0.4913011123
0.2,0.175,0.442372978
0.2,0.15,0.3864320779
0.2,0.125,0.322935132
0.2,0.1,0.2515277086
0.2,0.075,0.173855018
0.2,0.05,0.0971274534
0.2,0.025,0.0351209588
0.2,0,0
0.2,-0.025,-0.0094547818
0.2,-0.05,-0.0063871167
0.2,-0.075,-0.0023113463
0.2,-0.1,-0.0005164763
0.2,-0.125,-0.000073534
0.2,-0.15,-6.711584E-006
0.2,-0.175,-3.919028E-007
0.2,-0.2,-1.4566E-008
0.2,-0.225,-3.424E-010
0.2,-0.25,-5.2E-012
0.15,1,0.6833373439
0.15,0.975,0.6833363714
0.15,0.95,0.6833349404
0.15,0.925,0.6833328347
0.15,0.9,0.683329736
0.15,0.875,0.6833251767
0.15,0.85,0.6833184674
0.15,0.825,0.6833085962
0.15,0.8,0.6832940719
0.15,0.775,0.6832727036
0.15,0.75,0.6832412685
0.15,0.725,0.6831950309
0.15,0.7,0.6831270327
0.15,0.675,0.6830270619
0.15,0.65,0.6828801469
0.15,0.625,0.6826643763
0.15,0.6,0.6823477663
0.15,0.575,0.6818838025
0.15,0.55,0.6812046932
0.15,0.525,0.6802139596
0.15,0.5,0.6787746614
0.15,0.475,0.6766948731
0.15,0.45,0.6737121163
0.15,0.425,0.6694778575
0.15,0.4,0.6635469248
0.15,0.375,0.6553778645
0.15,0.35,0.6443493689
0.15,0.325,0.6297930007
0.15,0.3,0.6110349676
0.15,0.275,0.5874348297
0.15,0.25,0.5584109934
0.15,0.225,0.5234476175
0.15,0.2,0.4820803666
0.15,0.175,0.4338429831
0.15,0.15,0.3781633075
0.15,0.125,0.3143278974
0.15,0.1,0.2420982101
0.15,0.075,0.1640232919
0.15,0.05,0.0888583297
0.15,0.025,0.0308303182
0.15,0,0
0.15,-0.025,-0.0074695734
0.15,-0.05,-0.0047570383
0.15,-0.075,-0.0016201462
0.15,-0.1,-0.0003405155
0.15,-0.125,-4.5602934801E-005
0.15,-0.15,-3.9166708E-006
0.15,-0.175,-2.153268E-007
0.15,-0.2,-7.5396E-009
0.15,-0.225,-1.672E-010
0.15,-0.25,-2.4E-012
0.1,1,0.6604147304
0.1,0.975,0.6604138955
0.1,0.95,0.6604126669
0.1,0.925,0.6604108589
0.1,0.9,0.6604081986
0.1,0.875,0.6604042836
0.1,0.85,0.6603985234
0.1,0.825,0.6603900478
0.1,0.8,0.6603775768
0.1,0.775,0.6603592285
0.1,0.75,0.6603322348
0.1,0.725,0.6602925266
0.1,0.7,0.6602341233
0.1,0.675,0.6601482438
0.1,0.65,0.6600220033
0.1,0.625,0.6598365251
0.1,0.6,0.6595642086
0.1,0.575,0.65916482
0.1,0.55,0.6585799679
0.1,0.525,0.6577245671
0.1,0.5,0.6564788932
0.1,0.475,0.6546728543
0.1,0.45,0.6520705653
0.1,0.425,0.6483530786
0.1,0.4,0.643103295
0.1,0.375,0.6357988812
0.1,0.35,0.6258198239
0.1,0.325,0.6124745486
0.1,0.3,0.5950414263
0.1,0.275,0.57281622
0.1,0.25,0.5451365008
0.1,0.225,0.5114111573
0.1,0.2,0.4710746454
0.1,0.175,0.4235182307
0.1,0.15,0.3679784747
0.1,0.125,0.3036211101
0.1,0.1,0.2305526181
0.1,0.075,0.1525380219
0.1,0.05,0.0798351701
0.1,0.025,0.0264973121
0.1,0,0
0.1,-0.025,-0.0057576973
0.1,-0.05,-0.003454424
0.1,-0.075,-0.0011069604
0.1,-0.1,-0.0002188352
0.1,-0.125,-2.7572354402E-005
0.1,-0.15,-0.000002229
0.1,-0.175,-1.154236E-007
0.1,-0.2,-3.8092E-009
0.1,-0.225,-7.96E-011
0.1,-0.25,-1.2E-012
0.05,1,0.6353916469
0.05,0.975,0.6353909303
0.05,0.95,0.6353898763
0.05,0.925,0.6353883251
0.05,0.9,0.6353860423
0.05,0.875,0.6353826835
0.05,0.85,0.6353777412
0.05,0.825,0.6353704687
0.05,0.8,0.6353597685
0.05,0.775,0.6353440243
0.05,0.75,0.6353208611
0.05,0.725,0.6352867851
0.05,0.7,0.6352366609
0.05,0.675,0.635162945
0.05,0.65,0.6350545613
0.05,0.625,0.6348952695
0.05,0.6,0.6346612912
0.05,0.575,0.6343179035
0.05,0.55,0.6338145657
0.05,0.525,0.6330778591
0.05,0.5,0.6320020389
0.05,0.475,0.6304380327
0.05,0.45,0.6281757317
0.05,0.425,0.6249266425
0.05,0.4,0.6203056671
0.05,0.375,0.6138176754
0.05,0.35,0.6048557711
0.05,0.325,0.5927178402
0.05,0.3,0.5766434318
0.05,0.275,0.5558534856
0.05,0.25,0.5296054619
0.05,0.225,0.497189835
0.05,0.2,0.4579009111
0.05,0.175,0.4109427574
0.05,0.15,0.3553554863
0.05,0.125,0.290312942
0.05,0.1,0.2165716598
0.05,0.075,0.1393735663
0.05,0.05,0.070215526
0.05,0.025,0.0222311606
0.05,0,0
0.05,-0.025,-0.004319818
0.05,-0.05,-0.0024404912
0.05,-0.075,-0.0007357667
0.05,-0.1,-0.0001368371
0.05,-0.125,-1.6225808404E-005
0.05,-0.15,-1.2352708E-006
0.05,-0.175,-6.02768E-008
0.05,-0.2,-1.876E-009
0.05,-0.225,-3.68E-011
0.05,-0.25,-4E-013
0,1,0.6081017282
0,0.975,0.6081011133
0,0.95,0.6081002089
0,0.925,0.6080988779
0,0.9,0.608096919
0,0.875,0.6080940364
0,0.85,0.6080897955
0,0.825,0.6080835545
0,0.8,0.6080743716
0,0.775,0.60806086
0,0.75,0.6080409807
0,0.725,0.608011734
0,0.7,0.6079687105
0,0.675,0.6079054293
0,0.65,0.6078123723
0,0.625,0.6076755697
0,0.6,0.6074745551
0,0.575,0.6071793842
0,0.55,0.6067463805
0,0.525,0.6061120988
0,0.5,0.605184294
0,0.475,0.6038318458
0,0.45,0.6018692918
0,0.425,0.5990379695
0,0.4,0.5949848258
0,0.375,0.5892505277
0,0.35,0.5812491142
0,0.325,0.5702795469
0,0.3,0.5555492592
0,0.275,0.5362146821
0,0.25,0.5114212174
0,0.225,0.4803149764
0,0.2,0.4420024404
0,0.175,0.3954708993
0,0.15,0.3396153872
0,0.125,0.2738411106
0,0.1,0.1999012233
0,0.075,0.1246256834
0,0.05,0.0602285795
0,0.025,0.0181448573
0,0,0
0,-0.025,-0.0031461465
0,-0.05,-0.0016733654
0,-0.075,-0.0004747065
0,-0.1,-8.3085742483E-005
0,-0.125,-9.276676409E-006
0,-0.15,-6.65443201E-007
0,-0.175,-3.06184E-008
0,-0.2,-8.992E-010
0,-0.225,-1.68E-011
0,-0.25,0
-0.05,1,0.5782737079
-0.05,0.975,0.5782731789
-0.05,0.95,0.578272401
-0.05,0.925,0.5782712556
-0.05,0.9,0.5782695706
-0.05,0.875,0.5782670909
-0.05,0.85,0.5782634424
-0.05,0.825,0.5782580737
-0.05,0.8,0.5782501739
-0.05,0.775,0.5782385502
-0.05,0.75,0.5782214472
-0.05,0.725,0.5781962842
-0.05,0.7,0.5781592661
-0.05,0.675,0.5781048124
-0.05,0.65,0.5780247253
-0.05,0.625,0.5779069671
-0.05,0.6,0.5777338819
-0.05,0.575,0.5774796093
-0.05,0.55,0.5771063594
-0.05,0.525,0.5765590905
-0.05,0.5,0.5757580057
-0.05,0.475,0.5745871265
-0.05,0.45,0.5728833925
-0.05,0.425,0.5704160391
-0.05,0.4,0.5668664633
-0.05,0.375,0.5618063628
-0.05,0.35,0.5546795969
-0.05,0.325,0.5447949739
-0.05,0.3,0.5313365152
-0.05,0.275,0.5133911454
-0.05,0.25,0.4899807091
-0.05,0.225,0.4600730838
-0.05,0.2,0.4225550752
-0.05,0.175,0.3762093447
-0.05,0.15,0.3199297875
-0.05,0.125,0.2536561089
-0.05,0.1,0.1804378335
-0.05,0.075,0.1085516814
-0.05,0.05,0.0501703388
-0.05,0.025,0.0143537594
-0.05,0,0
-0.05,-0.025,-0.0022176002
-0.05,-0.05,-0.0011105691
-0.05,-0.075,-0.0002965707
-0.05,-0.1,-0.000048879
-0.05,-0.125,-5.14223882E-006
-0.05,-0.15,-3.47823601E-007
-0.05,-0.175,-1.51028E-008
-0.05,-0.2,-4.188E-010
-0.05,-0.225,-7.2E-012
-0.05,-0.25,0
-0.1,1,0.545387406
-0.1,0.975,0.5453869472
-0.1,0.95,0.5453862721
-0.1,0.925,0.5453852792
-0.1,0.9,0.5453838173
-0.1,0.875,0.5453816668
-0.1,0.85,0.5453785025
-0.1,0.825,0.5453738459
-0.1,0.8,0.545366994
-0.1,0.775,0.5453569117
-0.1,0.75,0.5453420773
-0.1,0.725,0.5453202508
-0.1,0.7,0.5452881386
-0.1,0.675,0.5452408984
-0.1,0.65,0.5451714121
-0.1,0.625,0.5450692237
-0.1,0.6,0.5449189846
-0.1,0.575,0.544698193
-0.1,0.55,0.5443739139
-0.1,0.525,0.5438980656
-0.1,0.5,0.5432007108
-0.1,0.475,0.5421803501
-0.1,0.45,0.5406910063
-0.1,0.425,0.538527031
-0.1,0.4,0.5353992688
-0.1,0.375,0.5309115725
-0.1,0.35,0.5245361878
-0.1,0.325,0.5155947522
-0.1,0.3,0.5032517808
-0.1,0.275,0.4865241336
-0.1,0.25,0.4643009729
-0.1,0.225,0.4353580346
-0.1,0.2,0.398371032
-0.1,0.175,0.3520140918
-0.1,0.15,0.2954106632
-0.1,0.125,0.22936146
-0.1,0.1,0.1583361972
-0.1,0.075,0.0915981523
-0.1,0.05,0.0403864226
-0.1,0.025,0.0109573674
-0.1,0,0
-0.1,-0.025,-0.001507692
-0.1,-0.05,-0.0007112614
-0.1,-0.075,-0.0001789245
-0.1,-0.1,-2.779225844E-005
-0.1,-0.125,-2.757488444E-006
-0.1,-0.15,-0.000000176
-0.1,-0.175,-7.22E-009
-0.1,-0.2,-1.892E-010
-0.1,-0.225,-3.2E-012
-0.1,-0.25,0
-0.15,1,0.508304328
-0.15,0.975,0.5083039227
-0.15,0.95,0.5083033264
-0.15,0.925,0.5083024495
-0.15,0.9,0.5083011582
-0.15,0.875,0.5082992587
-0.15,0.85,0.5082964633
-0.15,0.825,0.5082923503
-0.15,0.8,0.5082862975
-0.15,0.775,0.5082773912
-0.15,0.75,0.5082642873
-0.15,0.725,0.5082450055
-0.15,0.7,0.5082166365
-0.15,0.675,0.5081749003
-0.15,0.65,0.5081135033
-0.15,0.625,0.5080231975
-0.15,0.6,0.5078904009
-0.15,0.575,0.507695181
-0.15,0.55,0.5074083265
-0.15,0.525,0.5069871064
-0.15,0.5,0.5063692009
-0.15,0.475,0.5054640671
-0.15,0.45,0.5041400735
-0.15,0.425,0.5022100667
-0.15,0.4,0.4994091071
-0.15,0.375,0.4953672638
-0.15,0.35,0.4895804311
-0.15,0.325,0.4813817861
-0.15,0.3,0.4699161825
-0.15,0.275,0.4541364576
-0.15,0.25,0.4328095291
-0.15,0.225,0.4045496132
-0.15,0.2,0.3679053055
-0.15,0.175,0.3216215172
-0.15,0.15,0.2653337237
-0.15,0.125,0.2009269927
-0.15,0.1,0.1341174516
-0.15,0.075,0.0744009677
-0.15,0.05,0.0312410476
-0.15,0.025,0.0080323747
-0.15,0,0
-0.15,-0.025,-0.0009849696
-0.15,-0.05,-0.000438102
-0.15,-0.075,-0.0001004916
-0.15,-0.1,-1.5231512561E-005
-0.15,-0.125,-1.42692369E-006
-0.15,-0.15,-8.6081205E-008
-0.15,-0.175,-3.3384E-009
-0.15,-0.2,-8.28E-011
-0.15,-0.225,-1.2E-012
-0.15,-0.25,0
-0.2,1,0.4647978173
-0.2,0.975,0.4647974492
-0.2,0.95,0.4647969075
-0.2,0.925,0.464796111
-0.2,0.9,0.464794938
-0.2,0.875,0.4647932126
-0.2,0.85,0.4647906733
-0.2,0.825,0.4647869364
-0.2,0.8,0.464781438
-0.2,0.775,0.4647733467
-0.2,0.75,0.4647614416
-0.2,0.725,0.4647439244
-0.2,0.7,0.4647181504
-0.2,0.675,0.4646802266
-0.2,0.65,0.4646244382
-0.2,0.625,0.4645423728
-0.2,0.6,0.4644216727
-0.2,0.575,0.4642441919
-0.2,0.55,0.4639833087
-0.2,0.525,0.4636000266
-0.2,0.5,0.4630373371
-0.2,0.475,0.4622121584
-0.2,0.45,0.461003959
-0.2,0.425,0.4592372691
-0.2,0.4,0.456665115
-0.2,0.375,0.4528932793
-0.2,0.35,0.4475660099
-0.2,0.325,0.4398943249
-0.2,0.3,0.4290576059
-0.2,0.275,0.4139658794
-0.2,0.25,0.3933129506
-0.2,0.225,0.3656434575
-0.2,0.2,0.3295378514
-0.2,0.175,0.2840432573
-0.2,0.15,0.2295278317
-0.2,0.125,0.1689428976
-0.2,0.1,0.1087369299
-0.2,0.075,0.0577421017
-0.2,0.05,0.0230741363
-0.2,0.025,0.0056228716
-0.2,0,0
-0.2,-0.025,-0.0006156638
-0.2,-0.05,-0.0002585447
-0.2,-0.075,-5.792265375E-005
-0.2,-0.1,-8.021546815E-006
-0.2,-0.125,-7.10591378E-007
-0.2,-0.15,-4.056481E-008
-0.2,-0.175,-1.4896E-009
-0.2,-0.2,-3.52E-011
-0.2,-0.225,-4E-013
-0.2,-0.25,0
-0.25,1,0.4115056818
-0.25,0.975,0.4115053399
-0.25,0.95,0.4115048369
-0.25,0.925,0.4115040975
-0.25,0.9,0.4115030082
-0.25,0.875,0.4115014053
-0.25,0.85,0.4114990475
-0.25,0.825,0.4114955776
-0.25,0.8,0.4114904713
-0.25,0.775,0.411482958
-0.25,0.75,0.4114719034
-0.25,0.725,0.4114556356
-0.25,0.7,0.4114317005
-0.25,0.675,0.4113964837
-0.25,0.65,0.4113446706
-0.25,0.625,0.411268449
-0.25,0.6,0.4111563324
-0.25,0.575,0.4109914482
-0.25,0.55,0.4107490303
-0.25,0.525,0.4103927617
-0.25,0.5,0.4098694896
-0.25,0.475,0.4091015988
-0.25,0.45,0.4079761737
-0.25,0.425,0.4063292143
-0.25,0.4,0.4039249247
-0.25,0.375,0.4004310263
-0.25,0.35,0.3953801771
-0.25,0.325,0.3881326144
-0.25,0.3,0.3778390244
-0.25,0.275,0.3634199921
-0.25,0.25,0.343588968
-0.25,0.225,0.3169649071
-0.25,0.2,0.2823498798
-0.25,0.175,0.2392748163
-0.25,0.15,0.1888697359
-0.25,0.125,0.1348207531
-0.25,0.1,0.0835641508
-0.25,0.075,0.0424550264
-0.25,0.05,0.016152932
-0.25,0.025,0.0037350798
-0.25,0,0
-0.25,-0.025,-0.000366428
-0.25,-0.05,-0.0001455651
-0.25,-0.075,-3.0857823258E-005
-0.25,-0.1,-4.045705646E-006
-0.25,-0.125,-3.3950434E-007
-0.25,-0.15,-1.8371218E-008
-0.25,-0.175,-6.40001E-010
-0.25,-0.2,-1.44E-011
-0.25,-0.225,-4E-013
-0.25,-0.25,0
-0.3,1,0.3454714009
-0.3,0.975,0.3454710877
-0.3,0.95,0.3454706269
-0.3,0.925,0.3454699498
-0.3,0.9,0.345468952
-0.3,0.875,0.3454674836
-0.3,0.85,0.3454653239
-0.3,0.825,0.3454621444
-0.3,0.8,0.345457468
-0.3,0.775,0.3454505846
-0.3,0.75,0.3454404577
-0.3,0.725,0.3454255549
-0.3,0.7,0.3454036288
-0.3,0.675,0.345371366
-0.3,0.65,0.3453239006
-0.3,0.625,0.3452540714
-0.3,0.6,0.3451513533
-0.3,0.575,0.3450002856
-0.3,0.55,0.3447781643
-0.3,0.525,0.3444516909
-0.3,0.5,0.3439721011
-0.3,0.475,0.3432681661
-0.3,0.45,0.3422361493
-0.3,0.425,0.3407257692
-0.3,0.4,0.3385191341
-0.3,0.375,0.3353090133
-0.3,0.35,0.3306644522
-0.3,0.325,0.3239933803
-0.3,0.3,0.314511043
-0.3,0.275,0.3012284244
-0.3,0.25,0.2829949098
-0.3,0.225,0.2586488374
-0.3,0.2,0.2273469069
-0.3,0.175,0.189129132
-0.3,0.15,0.1456608757
-0.3,0.125,0.1007907738
-0.3,0.1,0.0601694227
-0.3,0.075,0.0292869066
-0.3,0.05,0.0106288609
-0.3,0.025,0.0023374961
-0.3,0,0
-0.3,-0.025,-0.0002065315
-0.3,-0.05,-7.7813274979E-005
-0.3,-0.075,-1.5647146292E-005
-0.3,-0.1,-1.94672135E-006
-0.3,-0.125,-1.55096217E-007
-0.3,-0.15,-0.000000008
-0.3,-0.175,-2.64001E-010
-0.3,-0.2,-5.6E-012
-0.3,-0.225,0
-0.3,-0.25,0
-0.35,1,0.2676119926
-0.35,0.975,0.2676117251
-0.35,0.95,0.2676113316
-0.35,0.925,0.2676107524
-0.35,0.9,0.2676099015
-0.35,0.875,0.2676086475
-0.35,0.85,0.2676068022
-0.35,0.825,0.2676040881
-0.35,0.8,0.2676000937
-0.35,0.775,0.2675942155
-0.35,0.75,0.2675855666
-0.35,0.725,0.2675728405
-0.35,0.7,0.2675541147
-0.35,0.675,0.2675265629
-0.35,0.65,0.2674860273
-0.35,0.625,0.2674263933
-0.35,0.6,0.2673386751
-0.35,0.575,0.2672096658
-0.35,0.55,0.2670199828
-0.35,0.525,0.2667411936
-0.35,0.5,0.2663316699
-0.35,0.475,0.2657306054
-0.35,0.45,0.2648494765
-0.35,0.425,0.2635600853
-0.35,0.4,0.2616781745
-0.35,0.375,0.2589388266
-0.35,0.35,0.2549783302
-0.35,0.325,0.2492962871
-0.35,0.3,0.2412349743
-0.35,0.275,0.2299790788
-0.35,0.25,0.214611358
-0.35,0.225,0.1942736778
-0.35,0.2,0.16848679
-0.35,0.175,0.1376403178
-0.35,0.15,0.1035373546
-0.35,0.125,0.0695550501
-0.35,0.1,0.0400905108
-0.35,0.075,0.0187487138
-0.35,0.05,0.0065124468
-0.35,0.025,0.0013670454
-0.35,0,0
-0.35,-0.025,-0.0001095624
-0.35,-0.05,-3.9280334141E-005
-0.35,-0.075,-7.515930718E-006
-0.35,-0.1,-8.89906904E-007
-0.35,-0.125,-6.749107E-008
-0.35,-0.15,-3.303252E-009
-0.35,-0.175,-1.04002E-010
-0.35,-0.2,-2E-012
-0.35,-0.225,0
-0.35,-0.25,0
-0.4,1,0.1856030771
-0.4,0.975,0.1856028757
-0.4,0.95,0.1856025793
-0.4,0.925,0.1856021432
-0.4,0.9,0.1856015015
-0.4,0.875,0.1856005571
-0.4,0.85,0.1855991688
-0.4,0.825,0.185597124
-0.4,0.8,0.1855941164
-0.4,0.775,0.1855896901
-0.4,0.75,0.1855831766
-0.4,0.725,0.1855735941
-0.4,0.7,0.1855594929
-0.4,0.675,0.1855387461
-0.4,0.65,0.1855082219
-0.4,0.625,0.1854633167
-0.4,0.6,0.1853972645
-0.4,0.575,0.185300125
-0.4,0.55,0.1851573034
-0.4,0.525,0.1849474026
-0.4,0.5,0.1846390983
-0.4,0.475,0.1841866534
-0.4,0.45,0.1835235191
-0.4,0.425,0.1825533981
-0.4,0.4,0.1811380604
-0.4,0.375,0.1790804824
-0.4,0.35,0.1761063039
-0.4,0.325,0.171846214
-0.4,0.3,0.1658165731
-0.4,0.275,0.1574276794
-0.4,0.25,0.1460370818
-0.4,0.225,0.131087689
-0.4,0.2,0.112374874
-0.4,0.175,0.0903540045
-0.4,0.15,0.0665780582
-0.4,0.125,0.043597668
-0.4,0.1,0.0243702341
-0.4,0.075,0.0110033568
-0.4,0.05,0.0036765442
-0.4,0.025,0.0007403273
-0.4,0,0
-0.4,-0.025,-5.4325115467E-005
-0.4,-0.05,-1.8611456629E-005
-0.4,-0.075,-3.401597013E-006
-0.4,-0.1,-3.84645468E-007
-0.4,-0.125,-2.7858158E-008
-0.4,-0.15,-1.302082E-009
-0.4,-0.175,-3.9202E-011
-0.4,-0.2,-8E-013
-0.4,-0.225,0
-0.4,-0.25,0
-0.45,1,0.1120059118
-0.45,0.975,0.1120057835
-0.45,0.95,0.1120055948
-0.45,0.925,0.112005317
-0.45,0.9,0.1120049083
-0.45,0.875,0.1120043069
-0.45,0.85,0.1120034219
-0.45,0.825,0.1120021207
-0.45,0.8,0.1120002045
-0.45,0.775,0.1119973858
-0.45,0.75,0.1119932377
-0.45,0.725,0.1119871347
-0.45,0.7,0.1119781539
-0.45,0.675,0.1119649412
-0.45,0.65,0.1119455023
-0.45,0.625,0.1119169047
-0.45,0.6,0.1118748402
-0.45,0.575,0.1118129779
-0.45,0.55,0.1117220275
-0.45,0.525,0.1115883649
-0.45,0.5,0.1113920524
-0.45,0.475,0.1110998711
-0.45,0.45,0.1106777308
-0.45,0.425,0.1100602798
-0.45,0.4,0.1091597034
-0.45,0.375,0.1078516013
-0.45,0.35,0.1059613974
-0.45,0.325,0.1032558908
-0.45,0.3,0.0994325476
-0.45,0.275,0.0941255111
-0.45,0.25,0.0869448258
-0.45,0.225,0.0775710078
-0.45,0.2,0.0659245393
-0.45,0.175,0.0523921312
-0.45,0.15,0.0380086816
-0.45,0.125,0.0243996647
-0.45,0.1,0.0133116104
-0.45,0.075,0.0058416044
-0.45,0.05,0.0018901638
-0.45,0.025,0.0003674929
-0.45,0,0
-0.45,-0.025,-2.4982564561E-005
-0.45,-0.05,-0.000008221
-0.45,-0.075,-0.000001442
-0.45,-0.1,-1.56378871E-007
-0.45,-0.125,-1.0857127E-008
-0.45,-0.15,-4.86122E-010
-0.45,-0.175,-1.4004E-011
-0.45,-0.2,-4E-013
-0.45,-0.225,0
-0.45,-0.25,0
-0.5,1,0.0574013286
-0.5,0.975,0.0574012614
-0.5,0.95,0.0574011631
-0.5,0.925,0.0574010176
-0.5,0.9,0.0574008033
-0.5,0.875,0.0574004881
-0.5,0.85,0.0574000243
-0.5,0.825,0.0573993418
-0.5,0.8,0.0573983382
-0.5,0.775,0.0573968604
-0.5,0.75,0.0573946865
-0.5,0.725,0.0573914881
-0.5,0.7,0.0573867815
-0.5,0.675,0.0573798559
-0.5,0.65,0.057369668
-0.5,0.625,0.0573546797
-0.5,0.6,0.0573326331
-0.5,0.575,0.0573002112
-0.5,0.55,0.0572525433
-0.5,0.525,0.05718249
-0.5,0.5,0.0570796011
-0.5,0.475,0.0569286213
-0.5,0.45,0.056707362
-0.5,0.425,0.0563837348
-0.5,0.4,0.0559117145
-0.5,0.375,0.055226103
-0.5,0.35,0.0542362159
-0.5,0.325,0.052818155
-0.5,0.3,0.050814904
-0.5,0.275,0.0480356732
-0.5,0.25,0.0442785693
-0.5,0.225,0.0393819003
-0.5,0.2,0.0333155446
-0.5,0.175,0.0263010748
-0.5,0.15,0.0189027774
-0.5,0.125,0.0119821274
-0.5,0.1,0.0064310855
-0.5,0.075,0.0027658754
-0.5,0.05,0.0008739067
-0.5,0.025,0.0001653696
-0.5,0,0
-0.5,-0.025,-0.000010566
-0.5,-0.05,-3.360643286E-006
-0.5,-0.075,-5.68874706E-007
-0.5,-0.1,-5.9467008E-008
-0.5,-0.125,-0.000000004
-0.5,-0.15,-1.71371E-010
-0.5,-0.175,-4.805E-012
-0.5,-0.2,0
-0.5,-0.225,0
-0.5,-0.25,0
-0.55,1,0.0245391081
-0.55,0.975,0.0245390796
-0.55,0.95,0.0245390376
-0.55,0.925,0.0245389757
-0.55,0.9,0.0245388848
-0.55,0.875,0.0245387509
-0.55,0.85,0.0245385539
-0.55,0.825,0.024538264
-0.55,0.8,0.0245378375
-0.55,0.775,0.0245372102
-0.55,0.75,0.024536287
-0.55,0.725,0.0245349284
-0.55,0.7,0.0245329292
-0.55,0.675,0.0245299883
-0.55,0.65,0.024525661
-0.55,0.625,0.0245192952
-0.55,0.6,0.0245099314
-0.55,0.575,0.0244961606
-0.55,0.55,0.0244759126
-0.55,0.525,0.0244461565
-0.55,0.5,0.0244024511
-0.55,0.475,0.024338312
-0.55,0.45,0.0242443065
-0.55,0.425,0.0241067851
-0.55,0.4,0.0239061565
-0.55,0.375,0.0236146399
-0.55,0.35,0.0231935517
-0.55,0.325,0.0225902061
-0.55,0.3,0.0217365064
-0.55,0.275,0.020550734
-0.55,0.25,0.0189452438
-0.55,0.225,0.0168488642
-0.55,0.2,0.0142465705
-0.55,0.175,0.0112326022
-0.55,0.15,0.0080517456
-0.55,0.125,0.005080175
-0.55,0.1,0.0027066982
-0.55,0.075,0.0011518653
-0.55,0.05,0.0003588543
-0.55,0.025,0.000066722
-0.55,0,0
-0.55,-0.025,-4.076101707E-006
-0.55,-0.05,-1.26244636E-006
-0.55,-0.075,-2.07622884E-007
-0.55,-0.1,-0.000000021
-0.55,-0.125,-1.362202E-009
-0.55,-0.15,-5.6625E-011
-0.55,-0.175,-1.606E-012
-0.55,-0.2,0
-0.55,-0.225,0
-0.55,-0.25,0
-0.6,1,0.0086757875
-0.6,0.975,0.0086757778
-0.6,0.95,0.0086757634
-0.6,0.925,0.0086757422
-0.6,0.9,0.008675711
-0.6,0.875,0.0086756651
-0.6,0.85,0.0086755976
-0.6,0.825,0.0086754983
-0.6,0.8,0.0086753521
-0.6,0.775,0.0086751372
-0.6,0.75,0.0086748207
-0.6,0.725,0.0086743552
-0.6,0.7,0.0086736703
-0.6,0.675,0.0086726622
-0.6,0.65,0.0086711794
-0.6,0.625,0.0086689979
-0.6,0.6,0.008665789
-0.6,0.575,0.0086610695
-0.6,0.55,0.0086541303
-0.6,0.525,0.0086439316
-0.6,0.5,0.0086289496
-0.6,0.475,0.0086069609
-0.6,0.45,0.0085747266
-0.6,0.425,0.0085275568
-0.6,0.4,0.0084587115
-0.6,0.375,0.0083586149
-0.6,0.35,0.0082138949
-0.6,0.325,0.0080063666
-0.6,0.3,0.0077120579
-0.6,0.275,0.0073021506
-0.6,0.25,0.006745223
-0.6,0.225,0.0060146116
-0.6,0.2,0.005102264
-0.6,0.175,0.004037988
-0.6,0.15,0.0029058219
-0.6,0.125,0.0018396233
-0.6,0.1,0.0009821533
-0.6,0.075,0.0004178755
-0.6,0.05,0.0001297629
-0.6,0.025,2.3962798285E-005
-0.6,0,0
-0.6,-0.025,-1.427846783E-006
-0.6,-0.05,-4.34413574E-007
-0.6,-0.075,-0.00000007
-0.6,-0.1,-6.924433E-009
-0.6,-0.125,-4.36409E-010
-0.6,-0.15,-1.7879E-011
-0.6,-0.175,-4.06E-013
-0.6,-0.2,0
-0.6,-0.225,0
-0.6,-0.25,0
-0.65,1,0.0025711009
-0.65,0.975,0.0025710981
-0.65,0.95,0.0025710941
-0.65,0.925,0.0025710881
-0.65,0.9,0.0025710793
-0.65,0.875,0.0025710665
-0.65,0.85,0.0025710475
-0.65,0.825,0.0025710195
-0.65,0.8,0.0025709784
-0.65,0.775,0.0025709178
-0.65,0.75,0.0025708288
-0.65,0.725,0.0025706977
-0.65,0.7,0.0025705049
-0.65,0.675,0.0025702212
-0.65,0.65,0.0025698037
-0.65,0.625,0.0025691896
-0.65,0.6,0.0025682862
-0.65,0.575,0.0025669575
-0.65,0.55,0.0025650038
-0.65,0.525,0.0025621321
-0.65,0.5,0.0025579132
-0.65,0.475,0.00255172
-0.65,0.45,0.0025426387
-0.65,0.425,0.0025293445
-0.65,0.4,0.0025099306
-0.65,0.375,0.0024816811
-0.65,0.35,0.0024407895
-0.65,0.325,0.0023820568
-0.65,0.3,0.002298611
-0.65,0.275,0.002181881
-0.65,0.25,0.0020225266
-0.65,0.225,0.0018120792
-0.65,0.2,0.0015469527
-0.65,0.175,0.0012341382
-0.65,0.15,0.0008967147
-0.65,0.125,0.0005738797
-0.65,0.1,0.000309825
-0.65,0.075,0.0001331861
-0.65,0.05,4.169789797E-005
-0.65,0.025,7.738373357E-006
-0.65,0,0
-0.65,-0.025,-0.00000046
-0.65,-0.05,-1.38866242E-007
-0.65,-0.075,-2.2099209E-008
-0.65,-0.1,-2.153407E-009
-0.65,-0.125,-1.331E-010
-0.65,-0.15,-5.103E-012
-0.65,-0.175,0
-0.65,-0.2,0
-0.65,-0.225,0
-0.65,-0.25,0
-0.7,1,0.0006653113
-0.7,0.975,0.0006653107
-0.7,0.95,0.0006653097
-0.7,0.925,0.0006653082
-0.7,0.9,0.0006653061
-0.7,0.875,0.0006653029
-0.7,0.85,0.0006652982
-0.7,0.825,0.0006652913
-0.7,0.8,0.0006652812
-0.7,0.775,0.0006652663
-0.7,0.75,0.0006652444
-0.7,0.725,0.0006652122
-0.7,0.7,0.0006651648
-0.7,0.675,0.0006650951
-0.7,0.65,0.0006649925
-0.7,0.625,0.0006648415
-0.7,0.6,0.0006646194
-0.7,0.575,0.0006642928
-0.7,0.55,0.0006638125
-0.7,0.525,0.0006631065
-0.7,0.5,0.0006620692
-0.7,0.475,0.0006605461
-0.7,0.45,0.0006583123
-0.7,0.425,0.0006550411
-0.7,0.4,0.0006731393
-0.7,0.375,0.0006660489
-0.7,0.35,0.0006557719
-0.7,0.325,0.0006409805
-0.7,0.3,0.0006199103
-0.7,0.275,0.000590327
-0.7,0.25,0.0005496929
-0.7,0.225,0.0004956112
-0.7,0.2,0.0004267401
-0.7,0.175,0.0003443152
-0.7,0.15,0.0002537768
-0.7,0.125,0.0001652235
-0.7,0.1,9.0944938705E-005
-0.7,0.075,3.989787893E-005
-0.7,0.05,1.2739168852E-005
-0.7,0.025,2.405386144E-006
-0.7,0,0
-0.7,-0.025,-1.46206898E-007
-0.7,-0.05,-4.4302588E-008
-0.7,-0.075,-0.000000007
-0.7,-0.1,-6.81648E-010
-0.7,-0.125,-4.1539E-011
-0.7,-0.15,-1.501E-012
-0.7,-0.175,0
-0.7,-0.2,0
-0.7,-0.225,0
-0.7,-0.25,0
-0.75,1,0.0001998292
-0.75,0.975,0.0001998291
-0.75,0.95,0.0001998288
-0.75,0.925,0.0001998284
-0.75,0.9,0.0001998278
-0.75,0.875,0.0001998269
-0.75,0.85,0.0001998257
-0.75,0.825,0.0001998238
-0.75,0.8,0.000199821
-0.75,0.775,0.000199817
-0.75,0.75,0.000199811
-0.75,0.725,0.0001998022
-0.75,0.7,0.0001997893
-0.75,0.675,0.0001997703
-0.75,0.65,0.0001997423
-0.75,0.625,0.0001997011
-0.75,0.6,0.0001996405
-0.75,0.575,0.0001995514
-0.75,0.55,0.0001994204
-0.75,0.525,0.0001992278
-0.75,0.5,0.0001989447
-0.75,0.475,0.000198529
-0.75,0.45,0.0001979191
-0.75,0.425,0.0001970255
-0.75,0.4,0.0001957189
-0.75,0.375,0.0001938141
-0.75,0.35,0.0001910494
-0.75,0.325,0.0001870622
-0.75,0.3,0.0001813658
-0.75,0.275,0.0001733381
-0.75,0.25,0.0001622394
-0.75,0.225,0.0001473411
-0.75,0.2,0.000128145
-0.75,0.175,0.0001048026
-0.75,0.15,7.86208184E-005
-0.75,0.125,5.23296328E-005
-0.75,0.1,0.000029569
-0.75,0.075,1.33572496E-005
-0.75,0.05,4.3971712E-006
-0.75,0.025,8.552528E-007
-0.75,0,0
-0.75,-0.025,-5.45784E-008
-0.75,-0.05,-1.68112E-008
-0.75,-0.075,-2.6992E-009
-0.75,-0.1,-2.624E-010
-0.75,-0.125,-1.6E-011
-0.75,-0.15,-8E-013
-0.75,-0.175,0
-0.75,-0.2,0
-0.75,-0.225,0
-0.75,-0.25,0
-0.8,1,7.1752198448E-005
-0.8,0.975,7.1752136683E-005
-0.8,0.95,0.000071752
-0.8,0.925,7.1751917516E-005
-0.8,0.9,7.175172425E-005
-0.8,0.875,7.1751439333E-005
-0.8,0.85,0.000071751
-0.8,0.825,7.1750407255E-005
-0.8,0.8,7.1749502692E-005
-0.8,0.775,7.1748169757E-005
-0.8,0.75,7.17462112E-005
-0.8,0.725,7.1743328156E-005
-0.8,0.7,7.1739086275E-005
-0.8,0.675,7.1732845988E-005
-0.8,0.65,7.1723662885E-005
-0.8,0.625,7.1710152226E-005
-0.8,0.6,7.1690275757E-005
-0.8,0.575,0.000071661
-0.8,0.55,0.000071618
-0.8,0.525,7.1554824478E-005
-0.8,0.5,7.1461913544E-005
-0.8,0.475,7.1325438156E-005
-0.8,0.45,7.1125141293E-005
-0.8,0.425,7.0831546965E-005
-0.8,0.4,0.000070402
-0.8,0.375,6.9775179209E-005
-0.8,0.35,6.8864159126E-005
-0.8,0.325,6.7547701723E-005
-0.8,0.3,6.5661439603E-005
-0.8,0.275,0.000062992
-0.8,0.25,5.9280893961E-005
-0.8,0.225,0.000054253
-0.8,0.2,4.7696600791E-005
-0.8,0.175,3.9590584016E-005
-0.8,0.15,3.0293598974E-005
-0.8,0.125,2.0683840484E-005
-0.8,0.1,1.2060117018E-005
-0.8,0.075,5.651211146E-006
-0.8,0.05,1.936740301E-006
-0.8,0.025,3.92624011E-007
-0.8,0,0
-0.8,-0.025,-0.000000027
-0.8,-0.05,-8.579398E-009
-0.8,-0.075,-1.41064E-009
-0.8,-0.1,-1.3947E-010
-0.8,-0.125,-7.97E-012
-0.8,-0.15,0
-0.8,-0.175,0
-0.8,-0.2,0
-0.8,-0.225,0
-0.8,-0.25,0
-0.85,1,2.7670097797E-005
-0.85,0.975,2.7670077578E-005
-0.85,0.95,0.00002767
-0.85,0.925,0.00002767
-0.85,0.9,2.7669929308E-005
-0.85,0.875,2.7669834954E-005
-0.85,0.85,2.7669686683E-005
-0.85,0.825,2.7669471017E-005
-0.85,0.8,2.7669154257E-005
-0.85,0.775,2.7668689226E-005
-0.85,0.75,0.000027668
-0.85,0.725,0.000027667
-0.85,0.7,2.7665508148E-005
-0.85,0.675,2.7663331266E-005
-0.85,0.65,2.766011649E-005
-0.85,0.625,2.7655392049E-005
-0.85,0.6,2.764843681E-005
-0.85,0.575,2.7638212878E-005
-0.85,0.55,2.7623170152E-005
-0.85,0.525,2.7601050874E-005
-0.85,0.5,2.7568545915E-005
-0.85,0.475,2.7520782562E-005
-0.85,0.45,2.7450664047E-005
-0.85,0.425,2.7347845125E-005
-0.85,0.4,2.7197316767E-005
-0.85,0.375,2.6977471903E-005
-0.85,0.35,2.6657530905E-005
-0.85,0.325,2.6194313329E-005
-0.85,0.3,2.552875356E-005
-0.85,0.275,0.000024583
-0.85,0.25,2.3260840146E-005
-0.85,0.225,2.1454445935E-005
-0.85,0.2,0.00001907
-0.85,0.175,0.000016073
-0.85,0.15,1.2557124808E-005
-0.85,0.125,8.812314896E-006
-0.85,0.1,5.320272661E-006
-0.85,0.075,2.600268706E-006
-0.85,0.05,9.35162899E-007
-0.85,0.025,1.99686802E-007
-0.85,0,0
-0.85,-0.025,-1.5231434E-008
-0.85,-0.05,-5.05468E-009
-0.85,-0.075,-8.62665E-010
-0.85,-0.1,-8.7614E-011
-0.85,-0.125,-6.74E-012
-0.85,-0.15,0
-0.85,-0.175,0
-0.85,-0.2,0
-0.85,-0.225,0
-0.85,-0.25,0
-0.9,1,9.458248596E-006
-0.9,0.975,9.458248596E-006
-0.9,0.95,9.458248596E-006
-0.9,0.925,9.458222958E-006
-0.9,0.9,9.45819732E-006
-0.9,0.875,9.458171681E-006
-0.9,0.85,9.458120405E-006
-0.9,0.825,9.458069128E-006
-0.9,0.8,0.000009458
-0.9,0.775,9.457812745E-006
-0.9,0.75,9.457607639E-006
-0.9,0.725,9.45729998E-006
-0.9,0.7,9.45683849E-006
-0.9,0.675,9.456171895E-006
-0.9,0.65,9.455172001E-006
-0.9,0.625,9.453710618E-006
-0.9,0.6,9.45158264E-006
-0.9,0.575,9.44842913E-006
-0.9,0.55,9.443788599E-006
-0.9,0.525,0.000009437
-0.9,0.5,9.42694424E-006
-0.9,0.475,9.412202221E-006
-0.9,0.45,9.390563501E-006
-0.9,0.425,9.358823293E-006
-0.9,0.4,9.312315428E-006
-0.9,0.375,9.244348311E-006
-0.9,0.35,9.145333221E-006
-0.9,0.325,9.001707499E-006
-0.9,0.3,8.79478083E-006
-0.9,0.275,8.49965843E-006
-0.9,0.25,8.08477956E-006
-0.9,0.225,7.513712205E-006
-0.9,0.2,6.75089605E-006
-0.9,0.175,5.776743439E-006
-0.9,0.15,4.60843203E-006
-0.9,0.125,3.326337873E-006
-0.9,0.1,2.083060093E-006
-0.9,0.075,1.065630043E-006
-0.9,0.05,4.04572276E-007
-0.9,0.025,9.1785092E-008
-0.9,0,0
-0.9,-0.025,-7.947871E-009
-0.9,-0.05,-2.794574E-009
-0.9,-0.075,-5.12766E-010
-0.9,-0.1,-5.1277E-011
-0.9,-0.125,0
-0.9,-0.15,0
-0.9,-0.175,0
-0.9,-0.2,0
-0.9,-0.225,0
-0.9,-0.25,0
-0.95,1,2.62851179E-006
-0.95,0.975,2.62851179E-006
-0.95,0.95,2.628410914E-006
-0.95,0.925,2.628410914E-006
-0.95,0.9,2.628410914E-006
-0.95,0.875,2.628410914E-006
-0.95,0.85,2.628410914E-006
-0.95,0.825,2.628410914E-006
-0.95,0.8,2.628410914E-006
-0.95,0.775,2.628310039E-006
-0.95,0.75,2.628310039E-006
-0.95,0.725,2.628209163E-006
-0.95,0.7,2.628108288E-006
-0.95,0.675,2.627906537E-006
-0.95,0.65,2.627704786E-006
-0.95,0.625,2.627301284E-006
-0.95,0.6,2.626796907E-006
-0.95,0.575,0.000002626
-0.95,0.55,2.624880273E-006
-0.95,0.525,2.623165391E-006
-0.95,0.5,2.620643504E-006
-0.95,0.475,2.616911112E-006
-0.95,0.45,2.611564713E-006
-0.95,0.425,2.603595552E-006
-0.95,0.4,0.000002592
-0.95,0.375,2.574946922E-006
-0.95,0.35,2.55013156E-006
-0.95,0.325,2.514119021E-006
-0.95,0.3,2.462067285E-006
-0.95,0.275,2.387520322E-006
-0.95,0.25,2.282206345E-006
-0.95,0.225,2.136138683E-006
-0.95,0.2,1.939128915E-006
-0.95,0.175,1.683611382E-006
-0.95,0.15,1.370695713E-006
-0.95,0.125,1.017228111E-006
-0.95,0.1,6.60935996E-007
-0.95,0.075,3.54476357E-007
-0.95,0.05,1.42637897E-007
-0.95,0.025,3.4600282E-008
-0.95,0,0
-0.95,-0.025,-3.530641E-009
-0.95,-0.05,-1.311381E-009
-0.95,-0.075,-3.02626E-010
-0.95,-0.1,0
-0.95,-0.125,0
-0.95,-0.15,0
-0.95,-0.175,0
-0.95,-0.2,0
-0.95,-0.225,0
-0.95,-0.25,0
-1,1,5.777772E-007
-1,0.975,5.777772E-007
-1,0.95,5.777772E-007
-1,0.925,5.777772E-007
-1,0.9,5.777772E-007
-1,0.875,5.777772E-007
-1,0.85,5.777772E-007
-1,0.825,5.777772E-007
-1,0.8,5.777772E-007
-1,0.775,5.777772E-007
-1,0.75,5.777772E-007
-1,0.725,5.777772E-007
-1,0.7,5.777772E-007
-1,0.675,5.777772E-007
-1,0.65,5.777772E-007
-1,0.625,5.777772E-007
-1,0.6,5.777772E-007
-1,0.575,5.773768E-007
-1,0.55,5.773768E-007
-1,0.525,0.000000577
-1,0.5,5.76576E-007
-1,0.475,5.757752E-007
-1,0.45,5.74574E-007
-1,0.425,0.000000573
-1,0.4,5.7057E-007
-1,0.375,5.673668E-007
-1,0.35,5.62562E-007
-1,0.325,5.553548E-007
-1,0.3,5.449444E-007
-1,0.275,5.301296E-007
-1,0.25,5.089084E-007
-1,0.225,4.796792E-007
-1,0.2,4.396392E-007
-1,0.175,3.867864E-007
-1,0.15,3.211208E-007
-1,0.125,2.446444E-007
-1,0.1,0.000000165
-1,0.075,9.24924E-008
-1,0.05,3.96396E-008
-1,0.025,1.04104E-008
-1,0,0
-1,-0.025,-1.2012E-009
-1,-0.05,-4.004E-010
-1,-0.075,0
-1,-0.1,0
-1,-0.125,0
-1,-0.15,0
-1,-0.175,0
-1,-0.2,0
-1,-0.225,0
-1,-0.25,0
